{"stats":{"minecraft:used":{"minecraft:red_sandstone":2,"minecraft:iron_sword":11,"minecraft:stone_bricks":25,"minecraft:diamond_sword":2,"tombstone:gift":2,"minecraft:egg":2,"minecraft:acacia_planks":458,"minecraft:splash_potion":3},"minecraft:killed_by":{"mowziesmobs:naga":1,"vampirism:advanced_hunter":1,"born_in_chaos_v1:thornshell_crab":1},"minecraft:picked_up":{"minecraft:wheat":1,"vampirism:item_tent":3,"minecraft:torch":1,"tconstruct:materials_and_you":1,"minecraft:dandelion":1,"cataclysm:amethyst_crab_shell":4,"minecraft:apple":1,"immersiveengineering:seed":2,"minecraft:wheat_seeds":8,"mysticalagriculture:inferium_essence":1,"guideapi_vp:vampirism-guidebook":1,"born_in_chaos_v1:spiny_shell":4,"minecraft:bread":1,"minecraft:poppy":1,"minecraft:oak_planks":1,"minecraft:egg":2},"minecraft:mined":{"vampirism:tent":3},"minecraft:custom":{"minecraft:time_since_rest":21631,"minecraft:interact_with_furnace":1,"lootr:looted_stat":1,"minecraft:sprint_one_cm":94755,"minecraft:damage_taken":1181,"minecraft:walk_one_cm":100296,"minecraft:mob_kills":3,"minecraft:drop":3,"minecraft:damage_dealt":629,"minecraft:fly_one_cm":1010634,"minecraft:open_barrel":1,"minecraft:crouch_one_cm":7006,"minecraft:play_time":91057,"minecraft:deaths":3,"minecraft:sneak_time":2293,"minecraft:walk_under_water_one_cm":4960,"minecraft:jump":366,"minecraft:time_since_death":21830,"minecraft:leave_game":3,"minecraft:walk_on_water_one_cm":18890,"minecraft:total_world_time":91057,"minecraft:climb_one_cm":84,"minecraft:fall_one_cm":3328,"minecraft:horse_one_cm":11029},"minecraft:dropped":{"tconstruct:materials_and_you":1,"guideapi_vp:vampirism-guidebook":1,"minecraft:grass_block":1},"minecraft:killed":{"spore:inf_villager":1,"born_in_chaos_v1:thornshell_crab":1}},"DataVersion":3120}