{"stats":{"minecraft:mined":{"minecraft:spruce_planks":7,"spore:wall_growths":1,"minecraft:grass_block":14,"spore:fungal_stem":5,"minecraft:fire":1,"spore:growth_mycelium":2,"vampirism:tent":5,"minecraft:iron_bars":6,"minecraft:spruce_slab":5,"minecraft:quartz_block":6,"spore:growths_big":8,"minecraft:chest":2,"minecraft:cobblestone":5,"minecraft:wall_torch":5,"botania:black_mystical_flower":1,"minecraft:white_terracotta":2,"minecraft:birch_log":5,"quark:birch_chest":2,"minecraft:grass":40,"minecraft:oak_log":66,"minecraft:sand":72,"minecraft:dirt":57,"spore:hanging_fungal_stem":2,"werewolves:magic_leaves":1,"minecraft:oak_leaves":141,"spore:remains":2,"spore:wall_growths_big":5,"minecraft:oak_door":2,"spore:growths_small":6,"minecraft:sandstone":4,"minecraft:furnace":5,"spore:blomfung":4,"minecraft:stone":214,"quark:oak_chest":14,"minecraft:oak_fence":6,"minecraft:crafting_table":3,"botania:yellow_double_flower":1,"minecraft:tall_grass":4,"spore:membrane_block":1,"spore:bloomfung2":10,"minecraft:white_carpet":2,"minecraft:birch_leaves":14,"minecraft:coal_ore":9,"minecraft:cracked_stone_bricks":1,"minecraft:stone_bricks":2,"minecraft:fern":1},"minecraft:killed":{"vampirism:vampire":1,"spore:inf_hazmat":8,"spore:braiomil":1,"minecraft:spider":4,"born_in_chaos_v1:baby_skeleton_minion":1,"naturalist:snail":1,"minecraft:skeleton":5,"werewolves:werewolf_beast":1,"minecraft:wolf":1,"hmag:harpy":1,"born_in_chaos_v1:bonescaller":1,"spore:inf_player":2,"minecraft:creeper":5,"spore:umarmed":1,"spore:inf_villager":9,"spore:inf_human":28,"minecraft:zombie":5,"spore:lacerator":3,"werewolves:werewolf_survivalist":2,"mowziesmobs:naga":3,"born_in_chaos_v1:thornshell_crab":1,"born_in_chaos_v1:maggot":6,"hmag:zombie_girl":1,"hmag:ghost":1,"born_in_chaos_v1:decrepit_skeleton":1,"spore:inf_pillager":5,"born_in_chaos_v1:bloody_gadfly":1,"spore:inf_husk":4},"minecraft:used":{"minecraft:spruce_slab":89,"minecraft:shield":83,"minecraft:iron_sword":252,"minecraft:spruce_boat":3,"minecraft:glass":20,"minecraft:stone_bricks":25,"minecraft:bow":181,"minecraft:furnace":11,"minecraft:egg":2,"minecraft:sandstone":1,"minecraft:red_sandstone":2,"minecraft:bread":98,"minecraft:diamond_sword":34,"minecraft:oak_fence":60,"quark:birch_chest":2,"minecraft:spruce_planks":7,"botania:black_mystical_flower":1,"minecraft:oak_door":2,"minecraft:torch":27,"minecraft:dirt":303,"minecraft:anvil":1,"minecraft:white_carpet":4,"minecraft:oak_fence_gate":2,"minecraft:iron_hoe":123,"minecraft:iron_axe":208,"tombstone:gift":3,"minecraft:acacia_planks":458,"minecraft:water_bucket":9,"minecraft:crafting_table":9,"minecraft:oak_log":34,"dramaticdoors:tall_oak_door":2,"minecraft:diamond_shovel":111,"minecraft:iron_pickaxe":255,"minecraft:cobblestone":106,"minecraft:bucket":9,"minecraft:glass_pane":12,"quark:oak_chest":13,"minecraft:splash_potion":3},"minecraft:dropped":{"minecraft:iron_sword":2,"minecraft:oak_log":1,"minecraft:ender_pearl":1,"minecraft:crafting_table":1,"minecraft:leather":3,"minecraft:jungle_planks":11,"farmersdelight:rice":1,"mowziesmobs:naga_fang":3,"minecraft:flint":1,"minecraft:emerald":11,"minecraft:dirt":2,"tombstone:bag_of_seeds":1,"tconstruct:materials_and_you":1,"minecraft:gold_nugget":32,"minecraft:bone_meal":31,"minecraft:sand":27,"minecraft:white_wool":5,"minecraft:gold_ingot":3,"minecraft:bone":8,"minecraft:gravel":10,"minecraft:sugar_cane":7,"minecraft:iron_nugget":1,"minecraft:wheat":67,"minecraft:birch_sapling":1,"minecraft:pointed_dripstone":7,"tombstone:gift":1,"minecraft:rotten_flesh":92,"minecraft:oak_planks":8,"vampirism:blood_bottle":1,"minecraft:glowstone_dust":4,"guideapi_vp:vampirism-guidebook":1,"minecraft:azure_bluet":1,"evilcraft:flesh_humanoid":8,"minecraft:carrot":15,"minecraft:gunpowder":22,"vampirism:vampire_blood_bottle":3,"minecraft:skeleton_skull":1,"minecraft:charcoal":17,"mysticalagriculture:inferium_essence":1,"minecraft:beetroot_seeds":1,"born_in_chaos_v1:corpse_maggot":3,"minecraft:iron_bars":11,"minecraft:arrow":5,"minecraft:glass":1,"vampirism:pure_salt_water":1,"immersiveengineering:seed":53,"minecraft:egg":32,"minecraft:enchanted_book":3,"born_in_chaos_v1:wood_splitter_axe":1,"born_in_chaos_v1:shattered_skull":1,"minecraft:wheat_seeds":529,"minecraft:tnt":1,"evilcraft:condensed_blood":31,"minecraft:dripstone_block":8,"minecraft:feather":4,"minecraft:cobblestone":3,"minecraft:book":101,"minecraft:apple":17,"evilcraft:dark_gem":9,"minecraft:coal":116,"minecraft:grass_block":2,"minecraft:spruce_fence_gate":2,"minecraft:oxeye_daisy":1,"minecraft:cobweb":6,"minecraft:diorite":1,"born_in_chaos_v1:river_mint":6,"werewolves:cracked_bone":1,"minecraft:melon_slice":23,"minecraft:smooth_quartz":6,"tombstone:grave_dust":8,"minecraft:pumpkin":9,"minecraft:iron_shovel":1,"minecraft:string":23,"minecraft:bucket":1,"minecraft:acacia_planks":12,"artifacts:bunny_hoppers":1,"minecraft:dandelion":4,"minecraft:anvil":1,"hmag:soul_powder":1,"artifacts:kitty_slippers":1,"minecraft:coarse_dirt":2,"botania:yellow_double_flower":1,"minecraft:cocoa_beans":6,"minecraft:sticky_piston":6,"vampirism:holy_water_bottle_ultimate":1,"farmersdelight:cabbage_seeds":16,"hmag:evil_arrow":7,"minecraft:white_carpet":3,"minecraft:comparator":26,"minecraft:iron_hoe":1,"minecraft:totem_of_undying":1,"minecraft:shears":1,"minecraft:glass_pane":15,"minecraft:flint_and_steel":1,"minecraft:potato":64,"takesapillage:ravager_horn":2,"minecraft:bundle":1,"minecraft:spruce_planks":49,"minecraft:oak_boat":1,"minecraft:oak_sapling":1,"minecraft:redstone_torch":7,"minecraft:barrel":1,"minecraft:spider_eye":2,"minecraft:bamboo":3,"minecraft:sandstone":1,"farmersdelight:tomato":51,"immersiveengineering:hemp_fiber":1},"minecraft:crafted":{"minecraft:oak_planks":132,"quark:birch_chest":2,"minecraft:glass":32,"minecraft:diamond_leggings":1,"minecraft:bow":1,"minecraft:iron_boots":1,"minecraft:oak_fence":81,"dramaticdoors:tall_oak_door":2,"minecraft:crafting_table":7,"minecraft:spruce_planks":27,"minecraft:iron_helmet":1,"minecraft:birch_planks":5,"minecraft:string":21,"minecraft:shield":2,"minecraft:stick":88,"quark:oak_chest":8,"minecraft:oak_door":3,"minecraft:furnace":2,"minecraft:white_carpet":4,"minecraft:glass_pane":16,"minecraft:spruce_slab":108,"minecraft:iron_hoe":1,"minecraft:spruce_boat":1,"minecraft:wheat":27,"minecraft:coal_block":14,"minecraft:diamond_sword":1,"minecraft:bread":88,"minecraft:air":202,"minecraft:oak_fence_gate":2,"minecraft:white_wool":8,"minecraft:torch":14,"minecraft:diamond_chestplate":1},"minecraft:killed_by":{"mowziesmobs:naga":1,"minecraft:creeper":1,"spore:inf_human":1,"cataclysm:deepling":1,"spore:inf_player":1,"spore:umarmed":1,"vampirism:advanced_hunter":1,"minecraft:spider":1,"spore:usurper":11,"mutantmonsters:mutant_skeleton":1,"born_in_chaos_v1:thornshell_crab":1},"minecraft:broken":{"minecraft:iron_boots":1,"minecraft:iron_sword":1,"minecraft:iron_helmet":1},"minecraft:custom":{"lootr:looted_stat":8,"minecraft:interact_with_crafting_table":27,"minecraft:open_barrel":1,"minecraft:eat_cake_slice":2,"minecraft:leave_game":4,"minecraft:time_since_death":62621,"minecraft:sprint_one_cm":1007063,"minecraft:damage_blocked_by_shield":3505,"minecraft:drop":154,"minecraft:play_time":317601,"minecraft:deaths":21,"minecraft:jump":3711,"minecraft:walk_on_water_one_cm":44605,"minecraft:interact_with_furnace":10,"minecraft:sleep_in_bed":1,"minecraft:damage_dealt":15023,"minecraft:crouch_one_cm":37748,"tombstone:undead_killed":15,"minecraft:horse_one_cm":11029,"minecraft:mob_kills":112,"minecraft:damage_dealt_resisted":232,"minecraft:climb_one_cm":1787,"minecraft:walk_one_cm":954658,"minecraft:damage_dealt_absorbed":40,"minecraft:sneak_time":8110,"minecraft:walk_under_water_one_cm":23628,"minecraft:boat_one_cm":257190,"minecraft:total_world_time":317601,"minecraft:time_since_rest":62490,"minecraft:damage_taken":11983,"minecraft:swim_one_cm":64467,"minecraft:fly_one_cm":2307167,"minecraft:open_chest":157,"minecraft:fall_one_cm":101990},"minecraft:picked_up":{"spore:mutated_heart":20,"minecraft:wheat":302,"minecraft:anvil":1,"artifacts:bunny_hoppers":1,"minecraft:enchanted_book":3,"vampirism:pure_salt_water":1,"minecraft:string":27,"hmag:ravager_meat":5,"minecraft:sticky_piston":6,"vampirism:obi_belt":2,"minecraft:diamond_leggings":1,"mysticalagriculture:inferium_essence":74,"minecraft:gold_nugget":32,"minecraft:comparator":26,"minecraft:bucket":1,"minecraft:spruce_planks":56,"minecraft:redstone_torch":7,"minecraft:iron_pickaxe":1,"minecraft:smooth_quartz":6,"minecraft:melon_slice":23,"minecraft:iron_boots":1,"farmersdelight:cabbage_seeds":32,"minecraft:furnace":9,"minecraft:stick":60,"born_in_chaos_v1:shattered_skull":1,"minecraft:oak_fence":6,"minecraft:torch":7,"werewolves:liver":4,"born_in_chaos_v1:pileof_dark_metal":2,"tombstone:grave_dust":8,"minecraft:pointed_dripstone":7,"minecraft:diorite":1,"born_in_chaos_v1:nightmare_claw":2,"vampirism:amulet":1,"cataclysm:amethyst_crab_shell":4,"minecraft:quartz_block":8,"farmersdelight:fried_egg":8,"vampirism:blood_bottle":3,"minecraft:rotten_flesh":99,"minecraft:white_terracotta":2,"evilcraft:condensed_blood":34,"minecraft:cod":1,"minecraft:iron_bars":11,"minecraft:cobblestone":258,"minecraft:birch_log":5,"minecraft:feather":6,"minecraft:cooked_beef":3,"farmersdelight:rice":1,"minecraft:water_bucket":1,"minecraft:potato":64,"minecraft:flint":1,"evilcraft:flesh_humanoid":11,"farmersdelight:tomato":51,"minecraft:dirt":3726,"born_in_chaos_v1:monster_skin":14,"hmag:evil_crystal_fragment":2,"immersiveengineering:hemp_fiber":806,"minecraft:bone":16,"minecraft:glass":3,"minecraft:acacia_planks":12,"minecraft:bow":1,"minecraft:wheat_seeds":799,"minecraft:rabbit":4,"minecraft:bamboo":3,"minecraft:glowstone_dust":4,"minecraft:oak_planks":73,"hmag:soul_powder":12,"botania:yellow_double_flower":1,"spore:armor_fragment":12,"minecraft:jungle_planks":11,"minecraft:sand":97,"vampirism:hunter_coat_chest_ultimate":2,"sophisticatedbackpacks:iron_backpack":1,"minecraft:grass_block":1,"minecraft:barrel":1,"minecraft:bundle":1,"minecraft:iron_hoe":2,"minecraft:light_gray_concrete":2,"minecraft:spruce_fence_gate":2,"minecraft:sugar":64,"minecraft:spruce_boat":2,"minecraft:crossbow":1,"tconstruct:blood_slime_grass_seeds":22,"minecraft:bone_meal":159,"minecraft:golden_apple":8,"minecraft:white_concrete":4,"minecraft:bread":119,"minecraft:emerald":11,"werewolves:cracked_bone":3,"spore:spine_fragment":10,"minecraft:oak_sapling":26,"born_in_chaos_v1:rotten_fish":2,"minecraft:cocoa_beans":6,"sophisticatedbackpacks:gold_backpack":1,"minecraft:charcoal":17,"minecraft:coarse_dirt":5,"minecraft:crafting_table":4,"minecraft:azure_bluet":2,"minecraft:chicken":14,"born_in_chaos_v1:river_mint":10,"minecraft:clay_ball":128,"born_in_chaos_v1:seedof_chaos":8,"hmag:cooked_ravager_meat":4,"tconstruct:materials_and_you":1,"minecraft:shield":2,"spore:sickle_fragment":2,"minecraft:brick":24,"minecraft:iron_axe":1,"minecraft:flint_and_steel":1,"minecraft:white_carpet":15,"minecraft:iron_shovel":3,"takesapillage:ravager_horn":3,"minecraft:glass_pane":15,"butchersdelight:dead_cow":16,"minecraft:cracked_stone_bricks":2,"minecraft:oak_boat":1,"minecraft:iron_nugget":7,"minecraft:poppy":2,"minecraft:spruce_slab":7,"minecraft:chest":6,"minecraft:sugar_cane":20,"minecraft:birch_sapling":4,"minecraft:egg":34,"spore:tumor":2,"minecraft:sandstone":2,"minecraft:stone":96,"minecraft:oak_door":2,"evilcraft:origins_of_darkness":2,"minecraft:spruce_fence":70,"hmag:evil_arrow":7,"quark:birch_chest":2,"minecraft:carrot":22,"born_in_chaos_v1:pieceofdarkmetal":8,"minecraft:redstone":47,"minecraft:dark_oak_planks":72,"minecraft:tnt":2,"minecraft:arrow":109,"butchersdelight:deadsheep":2,"minecraft:diamond_chestplate":1,"minecraft:beetroot_seeds":1,"born_in_chaos_v1:wood_splitter_axe":1,"minecraft:shears":1,"born_in_chaos_v1:spiny_shell":4,"minecraft:totem_of_undying":1,"minecraft:gold_ingot":3,"minecraft:mutton":8,"minecraft:skeleton_skull":1,"minecraft:white_wool":5,"minecraft:oxeye_daisy":2,"born_in_chaos_v1:corpse_maggot":6,"vampirism:vampire_blood_bottle":3,"minecraft:jungle_boat":2,"born_in_chaos_v1:monster_flesh":4,"vampirism:item_tent":3,"mysticalagriculture:fertilized_essence":4,"minecraft:leather":24,"werewolves:dream_catcher":4,"minecraft:oak_log":66,"minecraft:gunpowder":29,"tombstone:gift":1,"botania:black_mystical_flower":1,"butchersdelight:deadchiken":2,"minecraft:apple":22,"minecraft:stone_bricks":2,"mowziesmobs:umvuthana_mask_rage":2,"guideapi_vp:vampirism-guidebook":1,"minecraft:iron_ingot":1,"minecraft:cobweb":6,"artifacts:kitty_slippers":1,"spore:mutated_fiber":146,"tombstone:bag_of_seeds":1,"vampirism:holy_water_bottle_ultimate":1,"minecraft:iron_sword":3,"minecraft:book":101,"endrem:witch_pupil":2,"minecraft:pumpkin":9,"minecraft:dandelion":8,"minecraft:dripstone_block":8,"minecraft:gravel":10,"minecraft:spruce_log":27,"quark:oak_chest":15,"minecraft:spider_eye":3,"mowziesmobs:naga_fang":21,"minecraft:diamond_shovel":3,"immersiveengineering:seed":378,"evilcraft:dark_gem":9,"minecraft:iron_helmet":1,"minecraft:coal":125,"minecraft:ender_pearl":1}},"DataVersion":3120}