{"stats":{"minecraft:dropped":{"minecraft:gravel":26,"minecraft:iron_ingot":5,"minecraft:iron_sword":1,"minecraft:porkchop":3,"minecraft:wheat_seeds":2,"minecraft:lapis_lazuli":28,"minecraft:cobbled_deepslate":64,"minecraft:cobblestone":33,"minecraft:oak_planks":20,"minecraft:granite":6,"minecraft:stick":1,"minecraft:flint":2,"minecraft:emerald":1,"minecraft:dirt":2,"minecraft:spider_eye":1,"minecraft:stone_pickaxe":1,"minecraft:raw_gold":8,"minecraft:iron_pickaxe":1,"minecraft:redstone":93},"minecraft:picked_up":{"minecraft:iron_chestplate":1,"minecraft:andesite":2,"minecraft:flint":2,"minecraft:dirt":21,"minecraft:lapis_lazuli":28,"minecraft:string":2,"minecraft:raw_copper":64,"minecraft:bone":2,"minecraft:wheat_seeds":4,"minecraft:cobbled_deepslate":122,"minecraft:raw_gold":8,"minecraft:stone_pickaxe":2,"minecraft:iron_ingot":5,"minecraft:iron_pickaxe":1,"minecraft:iron_sword":1,"minecraft:oak_planks":20,"minecraft:stick":1,"minecraft:raw_iron":18,"minecraft:stone":2,"minecraft:torch":1,"minecraft:gravel":26,"minecraft:porkchop":6,"minecraft:redstone":97,"minecraft:spider_eye":1,"minecraft:arrow":1,"minecraft:rotten_flesh":1,"minecraft:granite":9,"minecraft:emerald":1,"minecraft:cobblestone":57},"minecraft:custom":{"minecraft:interact_with_furnace":1,"minecraft:mob_kills":9,"minecraft:leave_game":5,"minecraft:time_since_death":34687,"minecraft:sleep_in_bed":11,"minecraft:time_since_rest":34163,"minecraft:sprint_one_cm":213544,"minecraft:damage_taken":15564,"minecraft:walk_one_cm":141371,"minecraft:drop":21,"minecraft:damage_dealt":4603,"minecraft:swim_one_cm":107,"minecraft:fly_one_cm":343775,"minecraft:open_chest":1,"minecraft:crouch_one_cm":4712,"minecraft:play_time":268226,"minecraft:deaths":48,"minecraft:sneak_time":1246,"minecraft:walk_under_water_one_cm":4421,"minecraft:jump":2133,"minecraft:walk_on_water_one_cm":39848,"minecraft:total_world_time":268226,"minecraft:fall_one_cm":70477},"minecraft:mined":{"minecraft:grass_block":12,"minecraft:tall_grass":2,"minecraft:cobblestone":7,"minecraft:cobbled_deepslate":1,"minecraft:andesite":3,"minecraft:grass":13,"minecraft:dirt":10,"minecraft:stone":17},"minecraft:killed_by":{"minecraft:vindicator":5,"minecraft:warden":14,"minecraft:player":2,"minecraft:skeleton":4,"minecraft:creeper":2,"minecraft:spider":2,"minecraft:zombie":12,"minecraft:pillager":2,"minecraft:drowned":1},"minecraft:killed":{"minecraft:pig":1,"minecraft:spider":2,"minecraft:vindicator":1,"minecraft:skeleton":1,"minecraft:pillager":1,"minecraft:zombie":3},"minecraft:used":{"minecraft:redstone":4,"minecraft:oak_planks":1,"minecraft:vindicator_spawn_egg":12,"minecraft:rotten_flesh":1,"minecraft:torch":1,"minecraft:dirt":9,"minecraft:granite":3,"minecraft:warden_spawn_egg":1,"minecraft:villager_spawn_egg":1,"minecraft:string":2,"minecraft:iron_pickaxe":119,"minecraft:cobblestone":23,"minecraft:andesite":2,"minecraft:cobbled_deepslate":3,"minecraft:pillager_spawn_egg":5}},"DataVersion":3465}