{"stats":{"minecraft:crafted":{"minecraft:coal_block":14,"minecraft:diamond_leggings":1,"minecraft:iron_boots":1,"minecraft:crafting_table":2,"minecraft:iron_helmet":1,"minecraft:air":2,"minecraft:diamond_chestplate":1},"minecraft:used":{"minecraft:red_sandstone":2,"minecraft:iron_axe":1,"minecraft:shield":24,"minecraft:iron_sword":19,"minecraft:stone_bricks":25,"minecraft:diamond_sword":2,"minecraft:crafting_table":2,"tombstone:gift":2,"minecraft:egg":2,"minecraft:acacia_planks":458,"minecraft:splash_potion":3},"minecraft:killed_by":{"mowziesmobs:naga":1,"vampirism:advanced_hunter":1,"minecraft:spider":1,"born_in_chaos_v1:thornshell_crab":1},"minecraft:picked_up":{"minecraft:crafting_table":1,"minecraft:wheat":1,"vampirism:item_tent":3,"minecraft:torch":1,"tconstruct:materials_and_you":1,"minecraft:dandelion":1,"cataclysm:amethyst_crab_shell":4,"minecraft:arrow":1,"minecraft:apple":1,"immersiveengineering:seed":2,"minecraft:wheat_seeds":8,"mysticalagriculture:inferium_essence":1,"guideapi_vp:vampirism-guidebook":1,"born_in_chaos_v1:spiny_shell":4,"minecraft:bread":1,"minecraft:poppy":1,"minecraft:oak_planks":1,"minecraft:egg":2},"minecraft:mined":{"vampirism:tent":3,"minecraft:crafting_table":1,"minecraft:grass":1},"minecraft:custom":{"minecraft:time_since_rest":7282,"minecraft:interact_with_furnace":1,"lootr:looted_stat":1,"minecraft:sprint_one_cm":138214,"minecraft:damage_taken":1541,"minecraft:walk_one_cm":124092,"minecraft:damage_blocked_by_shield":610,"minecraft:mob_kills":5,"minecraft:drop":3,"minecraft:damage_dealt":1149,"minecraft:interact_with_crafting_table":2,"minecraft:fly_one_cm":1114631,"minecraft:open_barrel":1,"minecraft:open_chest":36,"minecraft:crouch_one_cm":7157,"minecraft:play_time":103057,"tombstone:undead_killed":2,"minecraft:deaths":4,"minecraft:sneak_time":2386,"minecraft:walk_under_water_one_cm":4960,"minecraft:jump":577,"minecraft:time_since_death":8275,"minecraft:leave_game":3,"minecraft:walk_on_water_one_cm":18890,"minecraft:total_world_time":103057,"minecraft:climb_one_cm":84,"minecraft:fall_one_cm":7125,"minecraft:horse_one_cm":11029},"minecraft:dropped":{"tconstruct:materials_and_you":1,"guideapi_vp:vampirism-guidebook":1,"minecraft:grass_block":1},"minecraft:killed":{"minecraft:skeleton":2,"spore:inf_villager":1,"born_in_chaos_v1:thornshell_crab":1}},"DataVersion":3120}