{"stats":{"minecraft:mined":{"spore:wall_growths_big":5,"spore:wall_growths":1,"minecraft:grass_block":1,"spore:fungal_stem":5,"spore:growths_small":6,"minecraft:sandstone":4,"spore:blomfung":4,"minecraft:fire":1,"vampirism:tent":5,"spore:growth_mycelium":2,"minecraft:iron_bars":6,"minecraft:stone":10,"minecraft:quartz_block":6,"spore:growths_big":8,"minecraft:oak_fence":1,"minecraft:crafting_table":1,"botania:yellow_double_flower":1,"minecraft:tall_grass":4,"minecraft:cobblestone":2,"spore:membrane_block":1,"botania:black_mystical_flower":1,"minecraft:white_terracotta":2,"minecraft:birch_log":5,"spore:bloomfung2":10,"minecraft:birch_leaves":13,"minecraft:grass":35,"minecraft:oak_log":27,"minecraft:sand":6,"minecraft:dirt":12,"werewolves:magic_leaves":1,"spore:hanging_fungal_stem":2,"minecraft:cracked_stone_bricks":1,"minecraft:stone_bricks":2,"minecraft:oak_leaves":135,"spore:remains":2,"minecraft:fern":1},"minecraft:killed":{"vampirism:vampire":1,"spore:inf_hazmat":8,"spore:braiomil":1,"minecraft:spider":4,"born_in_chaos_v1:thornshell_crab":1,"born_in_chaos_v1:baby_skeleton_minion":1,"born_in_chaos_v1:maggot":6,"naturalist:snail":1,"minecraft:skeleton":5,"hmag:zombie_girl":1,"werewolves:werewolf_beast":1,"hmag:harpy":1,"hmag:ghost":1,"born_in_chaos_v1:bonescaller":1,"spore:inf_player":2,"minecraft:creeper":5,"born_in_chaos_v1:decrepit_skeleton":1,"spore:inf_pillager":5,"spore:umarmed":1,"spore:inf_villager":9,"born_in_chaos_v1:bloody_gadfly":1,"minecraft:zombie":5,"spore:inf_human":28,"spore:lacerator":3,"spore:inf_husk":4,"werewolves:werewolf_survivalist":2,"mowziesmobs:naga":3},"minecraft:used":{"quark:birch_chest":2,"minecraft:shield":83,"minecraft:iron_sword":252,"botania:black_mystical_flower":1,"minecraft:torch":6,"minecraft:dirt":191,"minecraft:iron_hoe":123,"minecraft:spruce_boat":3,"minecraft:iron_axe":99,"minecraft:stone_bricks":25,"minecraft:bow":181,"tombstone:gift":3,"minecraft:egg":2,"minecraft:acacia_planks":458,"minecraft:water_bucket":9,"minecraft:sandstone":1,"minecraft:crafting_table":6,"minecraft:red_sandstone":2,"minecraft:bread":98,"minecraft:iron_pickaxe":33,"minecraft:diamond_sword":34,"minecraft:bucket":9,"minecraft:splash_potion":3},"minecraft:dropped":{"minecraft:iron_sword":1,"minecraft:wheat_seeds":2,"minecraft:cobblestone":3,"minecraft:grass_block":1,"mowziesmobs:naga_fang":3,"minecraft:dirt":2,"tconstruct:materials_and_you":1,"minecraft:diorite":1,"werewolves:cracked_bone":1,"minecraft:smooth_quartz":6,"minecraft:string":4,"minecraft:bone":4,"botania:yellow_double_flower":1,"minecraft:wheat":1,"guideapi_vp:vampirism-guidebook":1,"minecraft:gunpowder":4,"minecraft:bundle":1,"mysticalagriculture:inferium_essence":1,"minecraft:sandstone":1,"minecraft:iron_bars":11,"immersiveengineering:seed":2},"minecraft:crafted":{"quark:birch_chest":2,"minecraft:iron_boots":1,"minecraft:bow":1,"minecraft:diamond_leggings":1,"minecraft:iron_hoe":1,"minecraft:spruce_boat":1,"minecraft:wheat":27,"minecraft:coal_block":14,"minecraft:diamond_sword":1,"minecraft:crafting_table":5,"minecraft:iron_helmet":1,"minecraft:birch_planks":5,"minecraft:bread":88,"minecraft:air":81,"minecraft:string":21,"minecraft:shield":2,"minecraft:stick":4,"minecraft:torch":14,"minecraft:diamond_chestplate":1},"minecraft:killed_by":{"mowziesmobs:naga":1,"vampirism:advanced_hunter":1,"minecraft:creeper":1,"minecraft:spider":1,"spore:inf_human":1,"spore:usurper":11,"cataclysm:deepling":1,"spore:inf_player":1,"mutantmonsters:mutant_skeleton":1,"spore:umarmed":1,"born_in_chaos_v1:thornshell_crab":1},"minecraft:broken":{"minecraft:iron_boots":1,"minecraft:iron_sword":1,"minecraft:iron_helmet":1},"minecraft:custom":{"lootr:looted_stat":8,"minecraft:mob_kills":111,"minecraft:interact_with_crafting_table":15,"minecraft:open_barrel":1,"minecraft:damage_dealt_resisted":232,"minecraft:eat_cake_slice":2,"minecraft:leave_game":4,"minecraft:time_since_death":20621,"minecraft:climb_one_cm":1787,"minecraft:sprint_one_cm":813972,"minecraft:walk_one_cm":672449,"minecraft:damage_blocked_by_shield":3505,"minecraft:drop":30,"minecraft:damage_dealt_absorbed":40,"minecraft:play_time":275601,"minecraft:deaths":21,"minecraft:sneak_time":7195,"minecraft:walk_under_water_one_cm":23628,"minecraft:boat_one_cm":257190,"minecraft:jump":3266,"minecraft:walk_on_water_one_cm":44605,"minecraft:total_world_time":275601,"minecraft:interact_with_furnace":2,"minecraft:sleep_in_bed":1,"minecraft:time_since_rest":20490,"minecraft:damage_taken":11632,"minecraft:damage_dealt":14943,"minecraft:swim_one_cm":64467,"minecraft:fly_one_cm":2177357,"minecraft:open_chest":86,"minecraft:crouch_one_cm":31804,"tombstone:undead_killed":15,"minecraft:fall_one_cm":89653,"minecraft:horse_one_cm":11029},"minecraft:picked_up":{"sophisticatedbackpacks:gold_backpack":1,"minecraft:crafting_table":2,"spore:mutated_heart":9,"minecraft:coarse_dirt":3,"minecraft:wheat":176,"minecraft:azure_bluet":1,"born_in_chaos_v1:river_mint":4,"born_in_chaos_v1:seedof_chaos":2,"tconstruct:materials_and_you":1,"spore:sickle_fragment":1,"minecraft:shield":2,"minecraft:string":8,"minecraft:iron_axe":1,"minecraft:iron_shovel":1,"minecraft:cracked_stone_bricks":2,"minecraft:diamond_leggings":1,"mysticalagriculture:inferium_essence":23,"minecraft:smooth_quartz":6,"minecraft:iron_nugget":2,"minecraft:poppy":2,"minecraft:iron_pickaxe":1,"minecraft:birch_sapling":1,"farmersdelight:cabbage_seeds":16,"minecraft:iron_boots":1,"minecraft:egg":2,"minecraft:stick":15,"spore:tumor":1,"minecraft:sandstone":2,"minecraft:oak_fence":1,"minecraft:torch":1,"werewolves:liver":2,"minecraft:diorite":1,"minecraft:carrot":7,"cataclysm:amethyst_crab_shell":4,"minecraft:tnt":1,"minecraft:quartz_block":4,"minecraft:arrow":18,"minecraft:diamond_chestplate":1,"minecraft:rotten_flesh":9,"born_in_chaos_v1:spiny_shell":4,"minecraft:white_terracotta":2,"minecraft:iron_bars":11,"minecraft:cobblestone":12,"minecraft:oxeye_daisy":1,"minecraft:birch_log":5,"born_in_chaos_v1:corpse_maggot":3,"minecraft:feather":2,"vampirism:item_tent":3,"minecraft:water_bucket":1,"minecraft:oak_log":27,"minecraft:gunpowder":9,"minecraft:dirt":1273,"botania:black_mystical_flower":1,"immersiveengineering:hemp_fiber":214,"minecraft:bone":12,"minecraft:apple":3,"minecraft:stone_bricks":2,"mowziesmobs:umvuthana_mask_rage":1,"minecraft:bow":1,"minecraft:wheat_seeds":322,"guideapi_vp:vampirism-guidebook":1,"spore:mutated_fiber":74,"minecraft:iron_sword":2,"minecraft:oak_planks":1,"botania:yellow_double_flower":1,"hmag:soul_powder":1,"spore:armor_fragment":6,"minecraft:dandelion":4,"minecraft:sand":6,"sophisticatedbackpacks:iron_backpack":1,"minecraft:spider_eye":1,"mowziesmobs:naga_fang":7,"minecraft:bundle":1,"minecraft:light_gray_concrete":2,"immersiveengineering:seed":73,"minecraft:spruce_boat":2,"minecraft:iron_helmet":1,"minecraft:crossbow":1,"minecraft:golden_apple":8,"minecraft:white_concrete":4,"minecraft:bread":55,"werewolves:cracked_bone":2,"spore:spine_fragment":6,"minecraft:oak_sapling":12}},"DataVersion":3120}