{"stats":{"minecraft:custom":{"minecraft:time_since_rest":16025,"minecraft:sprint_one_cm":118444,"minecraft:damage_absorbed":158,"minecraft:damage_taken":200,"minecraft:walk_one_cm":63071,"minecraft:mob_kills":21,"minecraft:drop":1,"minecraft:damage_dealt":5055,"minecraft:fly_one_cm":762630,"minecraft:open_chest":4,"minecraft:crouch_one_cm":944,"minecraft:play_time":31397,"tombstone:undead_killed":7,"minecraft:deaths":1,"minecraft:sneak_time":695,"tombstone:villager_killed":1,"minecraft:jump":286,"minecraft:damage_dealt_resisted":366,"minecraft:leave_game":3,"minecraft:time_since_death":16945,"minecraft:walk_on_water_one_cm":1087,"minecraft:damage_resisted":37,"minecraft:total_world_time":31397,"minecraft:fall_one_cm":3446},"minecraft:killed_by":{"zombie_extreme:infected_military":1},"minecraft:used":{"minecraft:spider_spawn_egg":1,"zombie_extreme:infected_military_spawn_egg":1,"zombie_extreme:infected_police_spawn_egg":1,"zombie_extreme:faceless_spawn_egg":1,"minecraft:enderman_spawn_egg":1,"zombie_extreme:crawler_spawn_egg":1,"zombie_extreme:fetus_spawn_egg":1,"minecraft:villager_spawn_egg":1,"zombie_extreme:revived_spawn_egg":1,"zombie_extreme:infected_spawn_egg":1,"zombie_extreme:infected_hazmat_spawn_egg":1,"zombie_extreme:demolisher_spawn_egg":1,"zombie_extreme:patient_zero_spawn_egg":1,"zombie_extreme:ram_spawn_egg":1,"zombie_extreme:assasin_black_ops_spawn_egg":1,"minecraft:zombie_spawn_egg":1,"zombie_extreme:divided_spawn_egg":1,"zombie_extreme:goon_spawn_egg":1,"zombie_extreme:devastated_spawn_egg":1,"zombie_extreme:night_hunter_spawn_egg":1,"minecraft:diamond_sword":76,"minecraft:sand":1,"zombie_extreme:infected_juggernaut_spawn_egg":1,"minecraft:skeleton_spawn_egg":1,"zombie_extreme:runner_spawn_egg":1,"zombie_extreme:clicker_spawn_egg":1,"zombie_extreme:boomer_spawn_egg":1,"zombie_extreme:inflated_spawn_egg":1,"zombie_extreme:military_spawn_egg":1,"zombie_extreme:bomber_spawn_egg":1,"minecraft:enchanted_golden_apple":1,"minecraft:splash_potion":1,"zombie_extreme:chainsaw_spawn_egg":1},"minecraft:dropped":{"minecraft:wheat_seeds":1},"minecraft:mined":{"minecraft:birch_log":1,"minecraft:grass":11,"minecraft:sand":1},"minecraft:killed":{"minecraft:skeleton":1,"hmag:zombie_girl":1,"vampirism:vampire":1,"minecraft:zombie":4,"vampirism:advanced_vampire":1,"zombie_extreme:infected_military":1,"zombie_extreme:infected":2,"minecraft:spider":3,"zombie_extreme:runner":1,"minecraft:villager":1,"minecraft:creeper":1,"minecraft:enderman":1,"born_in_chaos_v1:decrepit_skeleton":1,"vampirism:hunter":2},"minecraft:picked_up":{"minecraft:birch_log":1,"vampirism:item_tent":1,"werewolves:liver":1,"minecraft:sand":1,"vampirism:amulet":1,"minecraft:spider_eye":1,"minecraft:string":2,"vampirism:human_heart":1,"minecraft:bone":1,"minecraft:rotten_flesh":5,"minecraft:apple":1,"botania:light_gray_mystical_flower":1,"minecraft:wheat_seeds":1,"mysticalagriculture:inferium_essence":6,"zombie_extreme:rotten_apple":3,"minecraft:ender_pearl":1}},"DataVersion":3120}