{"stats":{"minecraft:picked_up":{"minecraft:wheat":1,"immersiveengineering:seed":2,"minecraft:torch":1,"tconstruct:materials_and_you":1,"minecraft:wheat_seeds":8,"minecraft:dandelion":1,"guideapi_vp:vampirism-guidebook":1,"minecraft:poppy":1},"minecraft:custom":{"minecraft:open_barrel":1,"minecraft:time_since_rest":60346,"minecraft:interact_with_furnace":1,"minecraft:crouch_one_cm":3254,"minecraft:play_time":60346,"minecraft:sprint_one_cm":49022,"minecraft:damage_taken":80,"minecraft:walk_one_cm":58619,"minecraft:sneak_time":905,"minecraft:walk_under_water_one_cm":2953,"minecraft:mob_kills":1,"minecraft:drop":3,"minecraft:jump":168,"minecraft:damage_dealt":210,"minecraft:leave_game":1,"minecraft:time_since_death":60346,"minecraft:walk_on_water_one_cm":17861,"minecraft:total_world_time":60346,"minecraft:climb_one_cm":84,"minecraft:fall_one_cm":1306,"minecraft:fly_one_cm":383512},"minecraft:used":{"minecraft:diamond_sword":2,"minecraft:red_sandstone":2,"minecraft:acacia_planks":458,"minecraft:splash_potion":2},"minecraft:killed":{"spore:inf_villager":1},"minecraft:dropped":{"tconstruct:materials_and_you":1,"guideapi_vp:vampirism-guidebook":1,"minecraft:grass_block":1}},"DataVersion":3120}