{"stats":{"minecraft:crafted":{"minecraft:coal_block":14,"minecraft:crafting_table":3,"minecraft:iron_helmet":1,"minecraft:bread":21,"minecraft:air":59,"minecraft:bow":1,"minecraft:string":21,"minecraft:iron_boots":1,"minecraft:diamond_leggings":1,"minecraft:shield":1,"minecraft:torch":14,"minecraft:diamond_chestplate":1},"minecraft:used":{"minecraft:water_bucket":1,"minecraft:shield":72,"minecraft:iron_sword":142,"minecraft:torch":6,"minecraft:dirt":139,"minecraft:crafting_table":4,"minecraft:red_sandstone":2,"minecraft:iron_axe":1,"minecraft:bread":41,"minecraft:stone_bricks":25,"minecraft:diamond_sword":2,"minecraft:bow":26,"minecraft:bucket":1,"tombstone:gift":3,"minecraft:egg":2,"minecraft:acacia_planks":458,"minecraft:splash_potion":3},"minecraft:killed_by":{"mowziesmobs:naga":1,"spore:inf_player":1,"vampirism:advanced_hunter":1,"minecraft:creeper":1,"minecraft:spider":1,"spore:usurper":8,"spore:umarmed":1,"born_in_chaos_v1:thornshell_crab":1},"minecraft:picked_up":{"sophisticatedbackpacks:gold_backpack":1,"minecraft:feather":2,"born_in_chaos_v1:corpse_maggot":3,"minecraft:coarse_dirt":1,"minecraft:wheat":1,"minecraft:crafting_table":2,"minecraft:azure_bluet":1,"born_in_chaos_v1:river_mint":4,"vampirism:item_tent":3,"minecraft:water_bucket":1,"born_in_chaos_v1:seedof_chaos":2,"tconstruct:materials_and_you":1,"minecraft:shield":2,"minecraft:gunpowder":7,"minecraft:dirt":1239,"minecraft:string":8,"minecraft:iron_axe":1,"immersiveengineering:hemp_fiber":214,"minecraft:iron_shovel":1,"minecraft:bone":11,"minecraft:apple":1,"mowziesmobs:umvuthana_mask_rage":1,"minecraft:bow":1,"minecraft:diamond_leggings":1,"minecraft:wheat_seeds":8,"mysticalagriculture:inferium_essence":11,"guideapi_vp:vampirism-guidebook":1,"minecraft:iron_pickaxe":1,"spore:mutated_fiber":14,"minecraft:iron_nugget":2,"minecraft:poppy":2,"minecraft:iron_sword":1,"minecraft:oak_planks":1,"farmersdelight:cabbage_seeds":16,"minecraft:iron_boots":1,"minecraft:egg":2,"hmag:soul_powder":1,"spore:armor_fragment":2,"minecraft:torch":1,"minecraft:dandelion":4,"minecraft:sand":6,"sophisticatedbackpacks:iron_backpack":1,"minecraft:diorite":1,"cataclysm:amethyst_crab_shell":4,"minecraft:spider_eye":1,"mowziesmobs:naga_fang":3,"minecraft:diamond_chestplate":1,"minecraft:arrow":18,"minecraft:rotten_flesh":7,"immersiveengineering:seed":70,"minecraft:iron_helmet":1,"minecraft:golden_apple":8,"born_in_chaos_v1:spiny_shell":4,"minecraft:bread":55,"werewolves:cracked_bone":1,"spore:spine_fragment":4,"minecraft:cobblestone":2,"spore:mutated_heart":1,"minecraft:oxeye_daisy":1},"minecraft:mined":{"minecraft:crafting_table":1,"minecraft:tall_grass":4,"vampirism:tent":3,"minecraft:grass":3,"minecraft:sand":6,"minecraft:dirt":6},"minecraft:custom":{"lootr:looted_stat":1,"minecraft:interact_with_furnace":1,"minecraft:mob_kills":36,"minecraft:interact_with_crafting_table":6,"minecraft:open_barrel":1,"minecraft:damage_dealt_resisted":56,"minecraft:leave_game":3,"minecraft:time_since_death":1158,"minecraft:climb_one_cm":277,"minecraft:time_since_rest":897,"minecraft:sprint_one_cm":303844,"minecraft:damage_taken":6733,"minecraft:walk_one_cm":302319,"minecraft:damage_blocked_by_shield":3030,"minecraft:drop":16,"minecraft:damage_dealt":7878,"minecraft:swim_one_cm":6237,"minecraft:fly_one_cm":1277847,"minecraft:open_chest":76,"minecraft:crouch_one_cm":14436,"minecraft:play_time":139057,"tombstone:undead_killed":13,"minecraft:deaths":15,"minecraft:sneak_time":3453,"minecraft:walk_under_water_one_cm":5276,"minecraft:jump":1260,"minecraft:walk_on_water_one_cm":24475,"minecraft:total_world_time":139057,"minecraft:fall_one_cm":20112,"minecraft:horse_one_cm":11029},"minecraft:broken":{"minecraft:iron_boots":1,"minecraft:iron_helmet":1},"minecraft:dropped":{"minecraft:cobblestone":2,"guideapi_vp:vampirism-guidebook":1,"minecraft:grass_block":1,"mowziesmobs:naga_fang":3,"minecraft:dirt":2,"minecraft:diorite":1,"minecraft:gunpowder":4,"tconstruct:materials_and_you":1,"werewolves:cracked_bone":1,"mysticalagriculture:inferium_essence":1,"minecraft:string":4,"minecraft:bone":4},"minecraft:killed":{"hmag:harpy":1,"born_in_chaos_v1:bonescaller":1,"hmag:ghost":1,"spore:inf_player":1,"minecraft:spider":4,"born_in_chaos_v1:thornshell_crab":1,"minecraft:creeper":4,"born_in_chaos_v1:baby_skeleton_minion":1,"born_in_chaos_v1:maggot":5,"spore:inf_pillager":1,"spore:umarmed":1,"spore:inf_villager":1,"minecraft:skeleton":5,"born_in_chaos_v1:bloody_gadfly":1,"hmag:zombie_girl":1,"minecraft:zombie":4}},"DataVersion":3120}