{"stats":{"minecraft:crafted":{"minecraft:coal_block":14,"minecraft:crafting_table":2,"minecraft:iron_helmet":1,"minecraft:air":58,"minecraft:iron_boots":1,"minecraft:diamond_leggings":1,"minecraft:torch":14,"minecraft:diamond_chestplate":1},"minecraft:used":{"minecraft:water_bucket":1,"minecraft:shield":38,"minecraft:iron_sword":89,"minecraft:torch":6,"minecraft:dirt":138,"minecraft:crafting_table":2,"minecraft:red_sandstone":2,"minecraft:iron_axe":1,"minecraft:bread":19,"minecraft:stone_bricks":25,"minecraft:diamond_sword":2,"minecraft:bucket":1,"tombstone:gift":2,"minecraft:egg":2,"minecraft:acacia_planks":458,"minecraft:splash_potion":3},"minecraft:killed_by":{"mowziesmobs:naga":1,"vampirism:advanced_hunter":1,"minecraft:spider":1,"born_in_chaos_v1:thornshell_crab":1},"minecraft:picked_up":{"minecraft:feather":2,"born_in_chaos_v1:corpse_maggot":3,"minecraft:coarse_dirt":1,"minecraft:wheat":1,"minecraft:crafting_table":2,"minecraft:azure_bluet":1,"born_in_chaos_v1:river_mint":4,"vampirism:item_tent":3,"tconstruct:materials_and_you":1,"minecraft:gunpowder":3,"minecraft:dirt":1171,"minecraft:string":4,"immersiveengineering:hemp_fiber":214,"minecraft:bone":5,"minecraft:apple":1,"mowziesmobs:umvuthana_mask_rage":1,"minecraft:wheat_seeds":8,"mysticalagriculture:inferium_essence":7,"guideapi_vp:vampirism-guidebook":1,"minecraft:iron_nugget":2,"minecraft:poppy":2,"minecraft:oak_planks":1,"farmersdelight:cabbage_seeds":16,"minecraft:egg":2,"hmag:soul_powder":1,"minecraft:torch":1,"minecraft:dandelion":4,"cataclysm:amethyst_crab_shell":4,"minecraft:spider_eye":1,"minecraft:arrow":3,"minecraft:rotten_flesh":5,"immersiveengineering:seed":70,"born_in_chaos_v1:spiny_shell":4,"minecraft:bread":1,"minecraft:oxeye_daisy":1},"minecraft:mined":{"minecraft:crafting_table":1,"minecraft:tall_grass":4,"vampirism:tent":3,"minecraft:grass":3,"minecraft:dirt":5},"minecraft:custom":{"lootr:looted_stat":1,"minecraft:interact_with_furnace":1,"minecraft:mob_kills":28,"minecraft:interact_with_crafting_table":2,"minecraft:open_barrel":1,"minecraft:damage_dealt_resisted":20,"minecraft:leave_game":3,"minecraft:time_since_death":20275,"minecraft:climb_one_cm":277,"minecraft:time_since_rest":19282,"minecraft:sprint_one_cm":160596,"minecraft:damage_taken":2168,"minecraft:walk_one_cm":201169,"minecraft:damage_blocked_by_shield":1080,"minecraft:drop":3,"minecraft:damage_dealt":5088,"minecraft:fly_one_cm":1133655,"minecraft:open_chest":68,"minecraft:crouch_one_cm":9631,"minecraft:play_time":115057,"tombstone:undead_killed":11,"minecraft:deaths":4,"minecraft:sneak_time":2738,"minecraft:walk_under_water_one_cm":5089,"minecraft:jump":747,"minecraft:walk_on_water_one_cm":19110,"minecraft:total_world_time":115057,"minecraft:fall_one_cm":10107,"minecraft:horse_one_cm":11029},"minecraft:dropped":{"guideapi_vp:vampirism-guidebook":1,"minecraft:grass_block":1,"tconstruct:materials_and_you":1},"minecraft:killed":{"hmag:harpy":1,"hmag:ghost":1,"minecraft:spider":4,"born_in_chaos_v1:thornshell_crab":1,"minecraft:creeper":3,"born_in_chaos_v1:maggot":5,"spore:inf_villager":1,"minecraft:skeleton":5,"born_in_chaos_v1:bloody_gadfly":1,"hmag:zombie_girl":1,"minecraft:zombie":4}},"DataVersion":3120}