{"stats":{"minecraft:used":{"minecraft:stone_sword":61,"immersiveengineering:seed":6,"minecraft:chest":1,"minecraft:shield":44,"minecraft:iron_sword":10,"dynamictrees:oak_seed":7,"minecraft:stone_hoe":83,"minecraft:torch":151,"minecraft:dirt":45,"scalinghealth:heart_crystal":6,"minecraft:chainmail_chestplate":1,"minecraft:granite":5,"minecraft:dark_oak_planks":8,"minecraft:iron_helmet":1,"dynamictrees:birch_seed":1,"minecraft:lantern":1,"evilcraft:flesh_humanoid":2,"minecraft:deepslate_diamond_ore":2,"minecraft:bow":6,"minecraft:furnace":9,"tombstone:gift":5,"grimoireofgaia:meat":1,"minecraft:cooked_beef":16,"minecraft:cobbled_deepslate":11,"minecraft:pointed_dripstone":3,"minecraft:brown_bed":2,"minecraft:iron_leggings":1,"minecraft:cooked_mutton":3,"minecraft:water_bucket":19,"minecraft:stone_pickaxe":69,"minecraft:oak_planks":16,"minecraft:wooden_pickaxe":9,"minecraft:chainmail_helmet":1,"minecraft:diamond_axe":64,"meds_and_herbs:artemisia_seeds":9,"minecraft:crafting_table":9,"minecraft:white_bed":1,"minecraft:dripstone_block":1,"minecraft:wooden_hoe":9,"minecraft:diamond_shovel":38,"minecraft:chicken":1,"minecraft:bread":32,"minecraft:brown_wool":1,"minecraft:iron_pickaxe":239,"tombstone:grave_key":1,"minecraft:gravel":8,"minecraft:stone_axe":50,"minecraft:diamond_sword":171,"minecraft:cobblestone":50,"minecraft:chainmail_boots":2,"minecraft:andesite":3,"minecraft:bucket":20,"minecraft:bone_meal":7},"minecraft:killed":{"minecraft:spider":1,"grimoireofgaia:cobble_golem":1,"specialmobs:skeleton":2,"minecraft:phantom":1,"grimoireofgaia:ender_eye":1,"grimoireofgaia:goblin":1,"minecraft:skeleton":6,"grimoireofgaia:mimic":1,"hmag:zombie_girl":1,"minecraft:chicken":1,"specialmobs:zombie":2,"alexsmobs:skreecher":1,"grimoireofgaia:spriggan":2,"grimoireofgaia:bone_knight":1,"goblins_tyranny:iron_cave_goblin":1,"minecraft:sheep":2,"minecraft:pillager":4,"minecraft:zombie":21,"grimoireofgaia:harpy":4,"grimoireofgaia:werecat":1,"specialmobs:spider":2,"specialmobs:cavespider":1,"minecraft:cow":16},"minecraft:mined":{"minecraft:dark_oak_planks":2,"minecraft:tuff":4,"minecraft:mossy_cobblestone":1,"thermal:sulfur_ore":8,"meds_and_herbs:plantago":3,"minecraft:granite":5,"minecraft:cobbled_deepslate_slab":2,"minecraft:grass_block":42,"minecraft:brown_wool":1,"minecraft:spruce_leaves":3,"mysticalagriculture:inferium_ore":5,"dynamictrees:oak_leaves":1,"minecraft:furnace":7,"immersiveengineering:hemp":11,"minecraft:iron_ore":4,"minecraft:andesite":8,"immersiveengineering:deepslate_ore_silver":1,"minecraft:deepslate_lapis_ore":15,"minecraft:brown_bed":3,"minecraft:deepslate_iron_ore":15,"scalinghealth:deepslate_power_crystal_ore":2,"minecraft:lantern":1,"minecraft:deepslate_brick_stairs":2,"minecraft:stripped_oak_log":1,"dynamictrees:jungle_undergrowth_leaves":1,"minecraft:spruce_wood":1,"minecraft:bamboo":1,"minecraft:stone":73,"minecraft:white_banner":1,"minecraft:deepslate_redstone_ore":14,"minecraft:polished_deepslate_stairs":2,"meds_and_herbs:artemisia":2,"minecraft:dandelion":1,"scalinghealth:deepslate_heart_crystal_ore":10,"minecraft:crafting_table":3,"minecraft:dark_oak_wood":2,"minecraft:sculk_sensor":3,"minecraft:tall_grass":3,"minecraft:cobblestone":12,"minecraft:deepslate_gold_ore":23,"minecraft:lapis_ore":1,"minecraft:oak_planks":2,"minecraft:sculk":83,"minecraft:diorite":4,"minecraft:wall_torch":2,"minecraft:cyan_wool":1,"minecraft:gray_wool":4,"minecraft:spruce_log":2,"minecraft:grass":23,"k_turrets:titanium_ore":2,"minecraft:coal_ore":24,"minecraft:oak_log":7,"werewolves:deepslate_silver_ore":1,"minecraft:gravel":14,"minecraft:dripstone_block":5,"minecraft:dirt":1,"minecraft:cobweb":1,"mysticalagriculture:deepslate_prosperity_ore":2,"minecraft:gold_ore":2,"minecraft:deepslate":34,"werewolves:silver_ore":4,"mysticalagriculture:deepslate_inferium_ore":16,"minecraft:fern":1,"minecraft:infested_stone":2},"minecraft:killed_by":{"minecraft:player":1,"minecraft:pillager":1,"hmag:harpy":2,"grimoireofgaia:goblin":1,"specialmobs:cavespider":1,"alexsmobs:bison":1,"thermal:blitz":1,"grimoireofgaia:bone_knight":2,"specialmobs:zombie":1,"grimoireofgaia:minotaurus":1,"grimoireofgaia:harpy":10,"grimoireofgaia:spriggan":1,"minecraft:zombie":3,"specialmobs:creeper":1,"grimoireofgaia:mimic":1},"minecraft:dropped":{"minecraft:wheat_seeds":1,"minecraft:crafting_table":1,"minecraft:dripstone_block":2,"minecraft:cobblestone":14,"meds_and_herbs:artemisia_seeds":2,"minecraft:leather":6,"minecraft:copper_ingot":1,"minecraft:stick":13,"minecraft:dirt":3,"minecraft:wooden_hoe":1,"minecraft:torch":1,"minecraft:yellow_dye":1,"werewolves:cracked_bone":1,"tombstone:grave_dust":3,"minecraft:iron_leggings":2,"minecraft:white_wool":12,"minecraft:gold_ingot":1,"meds_and_herbs:artemisia_leaves":7,"minecraft:cobbled_deepslate":1,"sophisticatedbackpacks:backpack":1,"minecraft:cobbled_deepslate_slab":1,"evilcraft:flesh_humanoid":1,"minecraft:diamond_sword":1,"thermal:tin_ingot":1,"minecraft:shield":1,"meds_and_herbs:plantago_leaves":4,"immersiveengineering:hemp_fiber":9,"exclusive_weapons_armor_and_tools:super_coal_pickaxe":1},"minecraft:broken":{"minecraft:iron_boots":1,"minecraft:iron_chestplate":1,"minecraft:shield":1,"minecraft:iron_helmet":1},"minecraft:picked_up":{"minecraft:crafting_table":4,"minecraft:chainmail_boots":1,"minecraft:chicken":1,"minecraft:brown_bed":2,"minecraft:shield":1,"exclusive_weapons_armor_and_tools:super_coal_pickaxe":1,"minecraft:string":3,"thermal:sulfur":30,"mysticalagriculture:inferium_essence":83,"minecraft:gold_nugget":3,"minecraft:cobbled_deepslate":36,"minecraft:beef":34,"meds_and_herbs:plantago_leaves":4,"minecraft:cyan_wool":1,"minecraft:iron_nugget":8,"dynamictrees:oak_seed":7,"minecraft:furnace":7,"grimoireofgaia:taproot":2,"minecraft:stick":47,"minecraft:raw_iron":24,"grimoireofgaia:meat":4,"mysticalagriculture:prosperity_shard":4,"minecraft:copper_ingot":1,"minecraft:polished_deepslate_stairs":2,"minecraft:torch":3,"sophisticatedbackpacks:backpack":1,"werewolves:raw_silver":5,"grimoireofgaia:weapon_book_nature":1,"vampirism:vampire_fang":1,"minecraft:pointed_dripstone":3,"tombstone:grave_dust":8,"minecraft:diorite":5,"minecraft:redstone":65,"minecraft:dark_oak_planks":2,"minecraft:arrow":3,"minecraft:rotten_flesh":22,"k_turrets:raw_titanium":2,"minecraft:deepslate_brick_stairs":1,"minecraft:mutton":3,"minecraft:white_wool":2,"minecraft:cobblestone":95,"minecraft:stripped_oak_log":1,"minecraft:birch_log":4,"minecraft:feather":3,"minecraft:cooked_beef":4,"minecraft:andesite":3,"minecraft:leather":19,"minecraft:brown_wool":1,"minecraft:yellow_dye":1,"meds_and_herbs:artemisia_leaves":7,"minecraft:potato":1,"minecraft:flint":2,"minecraft:tuff":4,"minecraft:oak_log":33,"evilcraft:flesh_humanoid":1,"scalinghealth:heart_crystal":5,"minecraft:wooden_hoe":1,"minecraft:lapis_lazuli":101,"minecraft:dirt":63,"minecraft:lantern":1,"minecraft:white_banner":1,"immersiveengineering:hemp_fiber":67,"minecraft:bone":8,"minecraft:wheat_seeds":5,"minecraft:raw_gold":24,"minecraft:cobbled_deepslate_slab":1,"minecraft:spruce_wood":1,"dynamictrees:birch_seed":1,"scalinghealth:power_crystal_shard":5,"minecraft:bamboo":10,"minecraft:oak_planks":7,"minecraft:oak_slab":1,"thermal:raw_tin":1,"scalinghealth:heart_crystal_shard":10,"hmag:soul_powder":2,"minecraft:dandelion":1,"minecraft:dripstone_block":4,"minecraft:gravel":8,"sophisticatedbackpacks:iron_backpack":1,"minecraft:spruce_log":2,"meds_and_herbs:artemisia_seeds":2,"immersiveengineering:seed":22,"minecraft:diamond":1,"minecraft:granite":5,"minecraft:gray_wool":4,"minecraft:bread":24,"werewolves:cracked_bone":1,"tombstone:magic_scroll":1,"minecraft:coal":45,"immersiveengineering:raw_silver":1,"minecraft:ender_pearl":1},"minecraft:crafted":{"minecraft:oak_planks":39,"minecraft:chainmail_helmet":1,"minecraft:iron_nugget":9,"luckys_armory:chainmail":1,"minecraft:furnace":2,"minecraft:bone_meal":10,"sophisticatedbackpacks:crafting_upgrade":1,"minecraft:cooked_mutton":3,"minecraft:iron_boots":1,"sophisticatedbackpacks:copper_backpack":1,"minecraft:stone_pickaxe":1,"minecraft:chest":3,"minecraft:dark_oak_planks":5,"minecraft:stone_hoe":1,"sophisticatedbackpacks:iron_backpack":1,"minecraft:cooked_beef":26,"sophisticatedbackpacks:backpack":1,"minecraft:crafting_table":7,"minecraft:spruce_planks":2,"minecraft:wooden_pickaxe":1,"minecraft:chainmail_chestplate":1,"minecraft:copper_ingot":8,"sophisticatedbackpacks:gold_backpack":1,"minecraft:bucket":1,"minecraft:birch_planks":10,"minecraft:stone_axe":1,"sophisticatedbackpacks:upgrade_base":1,"minecraft:air":308,"minecraft:string":13,"minecraft:iron_chestplate":1,"minecraft:yellow_dye":1,"minecraft:shield":3,"minecraft:stick":15,"minecraft:iron_ingot":15,"minecraft:chainmail_boots":1,"minecraft:iron_pickaxe":1,"minecraft:stone_sword":1,"minecraft:iron_leggings":1,"minecraft:gold_ingot":23,"minecraft:white_bed":1,"minecraft:torch":65,"thermal:tin_ingot":2},"minecraft:custom":{"minecraft:mob_kills":77,"minecraft:interact_with_crafting_table":51,"minecraft:open_barrel":6,"minecraft:damage_dealt_resisted":198,"minecraft:leave_game":8,"minecraft:time_since_death":6037,"minecraft:climb_one_cm":9559,"minecraft:sprint_one_cm":715443,"minecraft:walk_one_cm":518875,"minecraft:damage_blocked_by_shield":3694,"minecraft:drop":51,"minecraft:play_time":389088,"minecraft:deaths":32,"minecraft:sneak_time":8748,"minecraft:walk_under_water_one_cm":1479,"minecraft:jump":4556,"minecraft:interact_with_blast_furnace":1,"minecraft:walk_on_water_one_cm":4296,"minecraft:total_world_time":389088,"minecraft:interact_with_furnace":50,"tombstone:raider_killed":4,"vampirism:interact_with_garlic_diffuser":1,"minecraft:interact_with_loom":2,"minecraft:sleep_in_bed":3,"minecraft:time_since_rest":5267,"minecraft:damage_taken":16026,"minecraft:damage_dealt":18568,"minecraft:player_kills":3,"minecraft:swim_one_cm":1499,"minecraft:fly_one_cm":1100065,"minecraft:open_chest":73,"minecraft:crouch_one_cm":21090,"tombstone:undead_killed":33,"minecraft:fall_one_cm":121532}},"DataVersion":3465}