{"stats":{"minecraft:custom":{"minecraft:time_since_rest":4025,"minecraft:sprint_one_cm":96569,"minecraft:damage_taken":200,"minecraft:walk_one_cm":36650,"minecraft:mob_kills":14,"minecraft:drop":1,"minecraft:damage_dealt":3153,"minecraft:fly_one_cm":133516,"minecraft:crouch_one_cm":318,"minecraft:play_time":19397,"tombstone:undead_killed":5,"minecraft:deaths":1,"minecraft:sneak_time":101,"minecraft:jump":205,"minecraft:damage_dealt_resisted":49,"minecraft:leave_game":3,"minecraft:time_since_death":4945,"minecraft:walk_on_water_one_cm":1087,"minecraft:total_world_time":19397,"minecraft:fall_one_cm":3446},"minecraft:killed_by":{"zombie_extreme:infected_military":1},"minecraft:used":{"minecraft:diamond_sword":46,"minecraft:sand":1,"minecraft:splash_potion":1},"minecraft:dropped":{"minecraft:wheat_seeds":1},"minecraft:mined":{"minecraft:birch_log":1,"minecraft:grass":10,"minecraft:sand":1},"minecraft:killed":{"hmag:zombie_girl":1,"vampirism:vampire":1,"minecraft:zombie":3,"vampirism:advanced_vampire":1,"zombie_extreme:infected_military":1,"zombie_extreme:infected":2,"minecraft:spider":2,"zombie_extreme:runner":1,"minecraft:creeper":1,"born_in_chaos_v1:decrepit_skeleton":1},"minecraft:picked_up":{"minecraft:birch_log":1,"vampirism:item_tent":1,"minecraft:sand":1,"vampirism:amulet":1,"minecraft:spider_eye":1,"minecraft:bone":1,"minecraft:rotten_flesh":5,"minecraft:apple":1,"minecraft:wheat_seeds":1,"mysticalagriculture:inferium_essence":4,"zombie_extreme:rotten_apple":3}},"DataVersion":3120}