{"stats":{"minecraft:dropped":{"minecraft:iron_sword":2,"minecraft:oak_log":1,"minecraft:ender_pearl":1,"minecraft:crafting_table":1,"minecraft:leather":3,"minecraft:jungle_planks":11,"farmersdelight:rice":1,"minecraft:emerald":11,"minecraft:flint":1,"mowziesmobs:naga_fang":3,"minecraft:dirt":2,"tombstone:bag_of_seeds":1,"tconstruct:materials_and_you":1,"minecraft:gold_nugget":32,"minecraft:bone_meal":31,"minecraft:sand":27,"minecraft:white_wool":5,"minecraft:gold_ingot":3,"minecraft:bone":8,"minecraft:gravel":10,"minecraft:sugar_cane":7,"minecraft:iron_nugget":1,"minecraft:wheat":67,"minecraft:birch_sapling":1,"tombstone:gift":1,"minecraft:pointed_dripstone":7,"spore:biomass":4,"minecraft:rotten_flesh":92,"minecraft:oak_planks":8,"vampirism:blood_bottle":1,"minecraft:glowstone_dust":4,"guideapi_vp:vampirism-guidebook":1,"minecraft:azure_bluet":1,"minecraft:carrot":15,"evilcraft:flesh_humanoid":8,"minecraft:gunpowder":22,"vampirism:vampire_blood_bottle":3,"minecraft:skeleton_skull":1,"minecraft:charcoal":17,"mysticalagriculture:inferium_essence":2,"minecraft:beetroot_seeds":1,"born_in_chaos_v1:corpse_maggot":3,"minecraft:iron_bars":11,"minecraft:arrow":5,"minecraft:glass":1,"vampirism:pure_salt_water":1,"immersiveengineering:seed":53,"minecraft:egg":32,"minecraft:enchanted_book":3,"born_in_chaos_v1:wood_splitter_axe":1,"born_in_chaos_v1:shattered_skull":1,"minecraft:wheat_seeds":531,"minecraft:tnt":1,"evilcraft:condensed_blood":31,"minecraft:dripstone_block":8,"minecraft:feather":4,"minecraft:cobblestone":4,"minecraft:book":101,"minecraft:apple":17,"evilcraft:dark_gem":9,"minecraft:copper_ingot":1,"minecraft:grass_block":3,"minecraft:coal":116,"minecraft:spruce_fence_gate":2,"minecraft:oxeye_daisy":1,"minecraft:cobweb":6,"minecraft:diorite":1,"born_in_chaos_v1:river_mint":6,"werewolves:cracked_bone":1,"minecraft:smooth_quartz":6,"minecraft:melon_slice":23,"tombstone:grave_dust":8,"minecraft:pumpkin":9,"minecraft:iron_shovel":1,"minecraft:string":23,"minecraft:bucket":1,"minecraft:acacia_planks":12,"artifacts:bunny_hoppers":1,"minecraft:dandelion":5,"minecraft:anvil":1,"hmag:soul_powder":1,"artifacts:kitty_slippers":1,"securitycraft:universal_block_reinforcer_lvl2":3,"minecraft:coarse_dirt":2,"botania:yellow_double_flower":1,"minecraft:cocoa_beans":6,"minecraft:sticky_piston":6,"vampirism:holy_water_bottle_ultimate":1,"farmersdelight:cabbage_seeds":16,"minecraft:white_carpet":4,"hmag:evil_arrow":7,"minecraft:iron_hoe":1,"minecraft:comparator":26,"spore:mutated_fiber":5,"minecraft:totem_of_undying":1,"minecraft:shears":1,"minecraft:glass_pane":15,"minecraft:flint_and_steel":1,"minecraft:potato":64,"takesapillage:ravager_horn":2,"minecraft:bundle":1,"minecraft:spruce_planks":49,"minecraft:oak_boat":1,"minecraft:oak_sapling":1,"minecraft:redstone_torch":7,"minecraft:barrel":1,"minecraft:spider_eye":2,"minecraft:bamboo":3,"minecraft:sandstone":1,"farmersdelight:tomato":51,"immersiveengineering:hemp_fiber":1},"minecraft:killed":{"vampirism:vampire":1,"spore:inf_hazmat":8,"spore:braiomil":1,"minecraft:spider":4,"born_in_chaos_v1:baby_skeleton_minion":1,"naturalist:snail":1,"minecraft:skeleton":5,"werewolves:werewolf_beast":1,"minecraft:wolf":1,"hmag:harpy":1,"born_in_chaos_v1:bonescaller":1,"spore:inf_player":2,"spore:inf_drowned":1,"minecraft:creeper":5,"spore:umarmed":1,"spore:inf_villager":10,"spore:inf_human":28,"minecraft:zombie":5,"spore:lacerator":3,"werewolves:werewolf_survivalist":2,"mowziesmobs:naga":3,"born_in_chaos_v1:thornshell_crab":1,"born_in_chaos_v1:maggot":6,"hmag:zombie_girl":1,"hmag:ghost":1,"born_in_chaos_v1:decrepit_skeleton":1,"spore:inf_pillager":5,"born_in_chaos_v1:bloody_gadfly":1,"spore:inf_husk":4},"minecraft:custom":{"lootr:looted_stat":8,"minecraft:interact_with_crafting_table":27,"minecraft:open_barrel":1,"minecraft:eat_cake_slice":2,"minecraft:leave_game":6,"minecraft:time_since_death":41243,"minecraft:damage_resisted":1583,"minecraft:sprint_one_cm":1108037,"minecraft:damage_blocked_by_shield":3505,"minecraft:drop":166,"minecraft:play_time":402117,"minecraft:deaths":25,"minecraft:jump":4005,"minecraft:walk_on_water_one_cm":44605,"minecraft:interact_with_furnace":10,"minecraft:sleep_in_bed":1,"minecraft:damage_dealt":15560,"minecraft:crouch_one_cm":65075,"tombstone:undead_killed":15,"minecraft:horse_one_cm":11029,"minecraft:mob_kills":114,"minecraft:damage_dealt_resisted":232,"minecraft:climb_one_cm":1787,"minecraft:walk_one_cm":1134800,"minecraft:damage_dealt_absorbed":40,"minecraft:sneak_time":11650,"minecraft:walk_under_water_one_cm":23628,"minecraft:boat_one_cm":257190,"minecraft:total_world_time":402117,"minecraft:time_since_rest":40983,"minecraft:damage_taken":13409,"minecraft:damage_absorbed":307,"minecraft:swim_one_cm":64467,"minecraft:fly_one_cm":2752943,"minecraft:open_chest":162,"minecraft:fall_one_cm":107171},"minecraft:crafted":{"minecraft:oak_planks":132,"quark:birch_chest":2,"minecraft:glass":32,"minecraft:bow":1,"minecraft:diamond_leggings":1,"minecraft:iron_boots":1,"minecraft:oak_fence":81,"dramaticdoors:tall_oak_door":2,"minecraft:crafting_table":7,"minecraft:spruce_planks":27,"minecraft:iron_helmet":1,"minecraft:birch_planks":5,"minecraft:string":21,"minecraft:shield":2,"minecraft:stick":88,"quark:oak_chest":8,"minecraft:oak_door":3,"minecraft:furnace":2,"minecraft:white_carpet":4,"minecraft:glass_pane":16,"minecraft:spruce_slab":108,"minecraft:iron_hoe":1,"minecraft:spruce_boat":1,"minecraft:wheat":27,"minecraft:coal_block":14,"minecraft:diamond_sword":1,"minecraft:bread":88,"minecraft:air":202,"minecraft:oak_fence_gate":2,"minecraft:white_wool":8,"minecraft:torch":14,"minecraft:diamond_chestplate":1},"minecraft:killed_by":{"mowziesmobs:naga":1,"minecraft:creeper":1,"spore:inf_human":1,"spore:inf_evoker":1,"cataclysm:deepling":1,"spore:inf_player":1,"spore:umarmed":1,"vampirism:advanced_hunter":1,"minecraft:spider":1,"spore:inf_vindicator":2,"spore:usurper":11,"mutantmonsters:mutant_skeleton":1,"born_in_chaos_v1:thornshell_crab":1},"minecraft:mined":{"minecraft:spruce_planks":7,"spore:wall_growths":1,"minecraft:grass_block":14,"spore:fungal_stem":5,"minecraft:fire":1,"vampirism:tent":5,"spore:growth_mycelium":2,"minecraft:iron_bars":6,"minecraft:spruce_slab":5,"minecraft:quartz_block":6,"spore:growths_big":8,"minecraft:chest":2,"minecraft:cobblestone":5,"botania:black_mystical_flower":1,"minecraft:wall_torch":5,"minecraft:white_terracotta":2,"minecraft:birch_log":5,"minecraft:grass":40,"quark:birch_chest":2,"minecraft:oak_log":66,"minecraft:sand":72,"minecraft:dirt":57,"spore:hanging_fungal_stem":2,"werewolves:magic_leaves":1,"minecraft:oak_leaves":141,"spore:remains":2,"spore:wall_growths_big":5,"minecraft:oak_door":2,"minecraft:sandstone":4,"spore:growths_small":6,"minecraft:furnace":5,"spore:blomfung":4,"minecraft:stone":214,"quark:oak_chest":14,"minecraft:oak_fence":6,"minecraft:crafting_table":3,"botania:yellow_double_flower":1,"minecraft:tall_grass":4,"spore:membrane_block":1,"spore:bloomfung2":10,"minecraft:white_carpet":3,"minecraft:birch_leaves":14,"minecraft:coal_ore":9,"minecraft:cracked_stone_bricks":1,"minecraft:stone_bricks":2,"minecraft:fern":1},"minecraft:picked_up":{"spore:mutated_heart":20,"minecraft:wheat":302,"minecraft:anvil":1,"artifacts:bunny_hoppers":1,"minecraft:enchanted_book":3,"vampirism:pure_salt_water":1,"minecraft:string":27,"hmag:ravager_meat":5,"minecraft:sticky_piston":6,"vampirism:obi_belt":2,"minecraft:diamond_leggings":1,"mysticalagriculture:inferium_essence":75,"minecraft:gold_nugget":32,"minecraft:comparator":26,"minecraft:bucket":1,"minecraft:spruce_planks":56,"minecraft:redstone_torch":7,"minecraft:smooth_quartz":6,"minecraft:iron_pickaxe":1,"minecraft:melon_slice":23,"farmersdelight:cabbage_seeds":32,"minecraft:iron_boots":1,"minecraft:furnace":9,"minecraft:stick":60,"born_in_chaos_v1:shattered_skull":1,"minecraft:oak_fence":6,"minecraft:torch":7,"werewolves:liver":4,"born_in_chaos_v1:pileof_dark_metal":2,"tombstone:grave_dust":8,"spore:biomass":4,"minecraft:pointed_dripstone":7,"minecraft:diorite":1,"born_in_chaos_v1:nightmare_claw":2,"vampirism:amulet":1,"cataclysm:amethyst_crab_shell":4,"minecraft:quartz_block":8,"farmersdelight:fried_egg":8,"vampirism:blood_bottle":3,"minecraft:rotten_flesh":99,"minecraft:white_terracotta":2,"evilcraft:condensed_blood":34,"minecraft:iron_bars":11,"minecraft:cod":1,"minecraft:cobblestone":258,"minecraft:birch_log":5,"minecraft:feather":6,"minecraft:cooked_beef":3,"farmersdelight:rice":1,"minecraft:water_bucket":1,"minecraft:potato":64,"minecraft:flint":1,"evilcraft:flesh_humanoid":11,"minecraft:dirt":3726,"farmersdelight:tomato":51,"hmag:evil_crystal_fragment":2,"born_in_chaos_v1:monster_skin":14,"immersiveengineering:hemp_fiber":806,"minecraft:glass":3,"minecraft:bone":16,"minecraft:acacia_planks":12,"minecraft:bow":1,"minecraft:wheat_seeds":801,"minecraft:glowstone_dust":4,"minecraft:rabbit":4,"minecraft:bamboo":3,"minecraft:oak_planks":73,"hmag:soul_powder":12,"botania:yellow_double_flower":1,"spore:armor_fragment":12,"minecraft:jungle_planks":11,"minecraft:sand":97,"vampirism:hunter_coat_chest_ultimate":2,"sophisticatedbackpacks:iron_backpack":1,"minecraft:grass_block":1,"minecraft:barrel":1,"minecraft:bundle":1,"minecraft:iron_hoe":2,"minecraft:light_gray_concrete":2,"minecraft:spruce_fence_gate":2,"minecraft:sugar":64,"minecraft:spruce_boat":2,"minecraft:crossbow":1,"minecraft:bone_meal":159,"minecraft:white_concrete":4,"minecraft:golden_apple":8,"tconstruct:blood_slime_grass_seeds":22,"minecraft:bread":119,"minecraft:emerald":11,"werewolves:cracked_bone":3,"spore:spine_fragment":10,"minecraft:oak_sapling":26,"born_in_chaos_v1:rotten_fish":2,"sophisticatedbackpacks:gold_backpack":1,"minecraft:cocoa_beans":6,"minecraft:charcoal":17,"minecraft:coarse_dirt":5,"minecraft:crafting_table":4,"minecraft:azure_bluet":2,"minecraft:chicken":14,"born_in_chaos_v1:river_mint":11,"minecraft:clay_ball":128,"born_in_chaos_v1:seedof_chaos":8,"hmag:cooked_ravager_meat":4,"tconstruct:materials_and_you":1,"minecraft:shield":2,"spore:sickle_fragment":2,"minecraft:brick":24,"minecraft:iron_axe":1,"minecraft:flint_and_steel":1,"minecraft:white_carpet":16,"minecraft:iron_shovel":3,"takesapillage:ravager_horn":3,"butchersdelight:dead_cow":16,"minecraft:glass_pane":15,"minecraft:cracked_stone_bricks":2,"minecraft:oak_boat":1,"minecraft:iron_nugget":7,"minecraft:poppy":2,"minecraft:spruce_slab":7,"minecraft:sugar_cane":20,"minecraft:chest":6,"minecraft:birch_sapling":4,"minecraft:egg":34,"spore:tumor":2,"minecraft:sandstone":2,"minecraft:stone":96,"minecraft:oak_door":2,"minecraft:copper_ingot":1,"evilcraft:origins_of_darkness":2,"minecraft:spruce_fence":70,"hmag:evil_arrow":7,"quark:birch_chest":2,"born_in_chaos_v1:pieceofdarkmetal":8,"minecraft:carrot":22,"minecraft:redstone":47,"minecraft:dark_oak_planks":72,"minecraft:tnt":2,"minecraft:arrow":109,"butchersdelight:deadsheep":2,"minecraft:diamond_chestplate":1,"minecraft:beetroot_seeds":1,"born_in_chaos_v1:wood_splitter_axe":1,"minecraft:shears":1,"born_in_chaos_v1:spiny_shell":4,"minecraft:gold_ingot":3,"minecraft:totem_of_undying":1,"minecraft:mutton":8,"minecraft:skeleton_skull":1,"minecraft:white_wool":5,"minecraft:oxeye_daisy":2,"born_in_chaos_v1:corpse_maggot":6,"vampirism:vampire_blood_bottle":3,"minecraft:jungle_boat":2,"born_in_chaos_v1:monster_flesh":4,"mysticalagriculture:fertilized_essence":4,"vampirism:item_tent":3,"minecraft:leather":24,"werewolves:dream_catcher":4,"minecraft:oak_log":66,"minecraft:gunpowder":29,"tombstone:gift":1,"botania:black_mystical_flower":1,"butchersdelight:deadchiken":2,"minecraft:apple":22,"minecraft:stone_bricks":2,"mowziesmobs:umvuthana_mask_rage":2,"guideapi_vp:vampirism-guidebook":1,"minecraft:iron_ingot":1,"minecraft:cobweb":6,"artifacts:kitty_slippers":1,"tombstone:bag_of_seeds":1,"spore:mutated_fiber":151,"vampirism:holy_water_bottle_ultimate":1,"minecraft:iron_sword":3,"minecraft:book":101,"endrem:witch_pupil":2,"minecraft:pumpkin":9,"minecraft:dandelion":9,"minecraft:dripstone_block":8,"minecraft:gravel":10,"minecraft:spruce_log":27,"quark:oak_chest":15,"minecraft:spider_eye":3,"mowziesmobs:naga_fang":21,"minecraft:diamond_shovel":3,"immersiveengineering:seed":379,"evilcraft:dark_gem":9,"minecraft:iron_helmet":1,"minecraft:coal":125,"minecraft:ender_pearl":1},"minecraft:used":{"spore:sieger_spawnegg":2,"minecraft:spruce_slab":89,"spore:hinden_spawnegg":2,"minecraft:shield":83,"minecraft:iron_sword":252,"spore:umarmed_spawnegg":1,"spore:inf_hazmat_spawnegg":1,"spore:howitzer_spawnegg":2,"spore:volatile_spawnegg":1,"minecraft:spruce_boat":3,"minecraft:glass":44,"minecraft:grass_block":65,"spore:proto_spawnegg":3,"minecraft:stone_bricks":25,"spore:inquisitor_spawnegg":4,"spore:griefer_spawnegg":2,"minecraft:bow":181,"minecraft:furnace":11,"minecraft:egg":2,"spore:delusioner_spawnegg":1,"spore:inf_villager_spawnegg":2,"spore:slasher_spawnegg":1,"spore:leaper_spawnegg":1,"minecraft:sandstone":1,"spore:inf_pillager_spawnegg":2,"spore:brute_spawnegg":1,"spore:inf_wanderer_spawnegg":2,"spore:scent_spawnegg":3,"spore:wendigo_spawnegg":2,"spore:knight_spawnegg":2,"minecraft:creeper_spawn_egg":1,"spore:mound_spawnegg":1,"minecraft:red_sandstone":2,"spore:busser_spawnegg":2,"minecraft:bread":98,"spore:thorn_spawnegg":1,"minecraft:diamond_sword":42,"spore:spitter_spawnegg":1,"minecraft:oak_fence":60,"spore:infected_human_spawnegg":1,"quark:birch_chest":2,"minecraft:spruce_planks":7,"botania:black_mystical_flower":1,"spore:inf_drowned_spawnegg":4,"minecraft:oak_door":2,"minecraft:torch":27,"minecraft:dirt":303,"minecraft:anvil":1,"minecraft:white_carpet":4,"spore:brotkatze_spawnegg":4,"spore:inf_husk_spawnegg":1,"minecraft:oak_fence_gate":2,"minecraft:iron_hoe":123,"spore:howler_spawnegg":1,"spore:reconstructor_spawnegg":1,"spore:usurper_spawnegg":1,"minecraft:iron_axe":208,"spore:inf_player_spawnegg":1,"spore:stalker_spawnegg":1,"spore:braurei_spawnegg":1,"spore:braio_spawnegg":2,"spore:gazen_spawnegg":3,"spore:inf_vind_spawnegg":2,"spore:verva_spawnegg":1,"spore:lacerator_spawnegg":1,"spore:vigil_spawnegg":2,"tombstone:gift":3,"spore:plagued_spawnegg":1,"minecraft:acacia_planks":458,"minecraft:enchanted_golden_apple":4,"minecraft:water_bucket":9,"securitycraft:reinforced_cobblestone":91,"spore:gastgaber_spawnegg":1,"spore:scamper_spawnegg":1,"minecraft:crafting_table":9,"minecraft:oak_log":34,"dramaticdoors:tall_oak_door":2,"minecraft:diamond_shovel":111,"spore:inf_evo_spawnegg":2,"minecraft:iron_pickaxe":255,"spore:claw_spawnegg":1,"spore:inf_witch_spawnegg":2,"minecraft:cobblestone":461,"minecraft:bucket":9,"minecraft:glass_pane":16,"quark:oak_chest":13,"minecraft:splash_potion":3},"minecraft:broken":{"minecraft:iron_boots":1,"minecraft:iron_sword":1,"minecraft:iron_helmet":1}},"DataVersion":3120}