{"stats":{"minecraft:picked_up":{"minecraft:wheat":1,"immersiveengineering:seed":2,"minecraft:wheat_seeds":8,"minecraft:dandelion":1,"minecraft:poppy":1},"minecraft:custom":{"minecraft:open_barrel":1,"minecraft:time_since_rest":48346,"minecraft:crouch_one_cm":1551,"minecraft:play_time":48346,"minecraft:sprint_one_cm":11650,"minecraft:damage_taken":80,"minecraft:walk_one_cm":22594,"minecraft:sneak_time":526,"minecraft:walk_under_water_one_cm":315,"minecraft:drop":1,"minecraft:jump":42,"minecraft:leave_game":1,"minecraft:time_since_death":48346,"minecraft:walk_on_water_one_cm":16065,"minecraft:total_world_time":48346,"minecraft:climb_one_cm":84,"minecraft:fall_one_cm":1306,"minecraft:fly_one_cm":187198},"minecraft:used":{"minecraft:acacia_planks":458},"minecraft:dropped":{"minecraft:grass_block":1}},"DataVersion":3120}