{"stats":{"minecraft:crafted":{"minecraft:diamond_leggings":1,"minecraft:bow":1,"minecraft:iron_boots":1,"minecraft:spruce_boat":1,"minecraft:wheat":27,"minecraft:coal_block":14,"minecraft:crafting_table":4,"minecraft:iron_helmet":1,"minecraft:bread":30,"minecraft:air":60,"minecraft:string":21,"minecraft:shield":2,"minecraft:torch":14,"minecraft:diamond_chestplate":1},"minecraft:used":{"minecraft:shield":83,"minecraft:iron_sword":219,"botania:black_mystical_flower":1,"minecraft:torch":6,"minecraft:dirt":186,"minecraft:spruce_boat":3,"minecraft:iron_axe":42,"minecraft:stone_bricks":25,"minecraft:bow":179,"tombstone:gift":3,"minecraft:egg":2,"minecraft:acacia_planks":458,"minecraft:water_bucket":9,"minecraft:crafting_table":5,"minecraft:red_sandstone":2,"minecraft:bread":97,"minecraft:iron_pickaxe":18,"minecraft:diamond_sword":2,"minecraft:bucket":9,"minecraft:splash_potion":3},"minecraft:killed_by":{"mowziesmobs:naga":1,"vampirism:advanced_hunter":1,"minecraft:creeper":1,"minecraft:spider":1,"spore:usurper":11,"cataclysm:deepling":1,"spore:inf_player":1,"mutantmonsters:mutant_skeleton":1,"spore:umarmed":1,"born_in_chaos_v1:thornshell_crab":1},"minecraft:picked_up":{"sophisticatedbackpacks:gold_backpack":1,"spore:mutated_heart":3,"minecraft:crafting_table":2,"minecraft:coarse_dirt":3,"minecraft:wheat":1,"minecraft:azure_bluet":1,"born_in_chaos_v1:river_mint":4,"born_in_chaos_v1:seedof_chaos":2,"tconstruct:materials_and_you":1,"minecraft:shield":2,"minecraft:string":8,"minecraft:iron_axe":1,"minecraft:iron_shovel":1,"minecraft:diamond_leggings":1,"mysticalagriculture:inferium_essence":22,"minecraft:iron_nugget":2,"minecraft:poppy":2,"minecraft:iron_pickaxe":1,"farmersdelight:cabbage_seeds":16,"minecraft:iron_boots":1,"minecraft:egg":2,"minecraft:stick":2,"minecraft:oak_fence":1,"minecraft:torch":1,"werewolves:liver":2,"minecraft:diorite":1,"minecraft:carrot":7,"cataclysm:amethyst_crab_shell":4,"minecraft:tnt":1,"minecraft:arrow":18,"minecraft:rotten_flesh":9,"minecraft:diamond_chestplate":1,"born_in_chaos_v1:spiny_shell":4,"minecraft:white_terracotta":2,"minecraft:iron_bars":7,"minecraft:cobblestone":12,"minecraft:oxeye_daisy":1,"born_in_chaos_v1:corpse_maggot":3,"minecraft:feather":2,"vampirism:item_tent":3,"minecraft:water_bucket":1,"minecraft:gunpowder":7,"minecraft:dirt":1270,"botania:black_mystical_flower":1,"immersiveengineering:hemp_fiber":214,"minecraft:bone":12,"minecraft:apple":1,"mowziesmobs:umvuthana_mask_rage":1,"minecraft:bow":1,"minecraft:wheat_seeds":10,"guideapi_vp:vampirism-guidebook":1,"spore:mutated_fiber":41,"minecraft:oak_planks":1,"minecraft:iron_sword":2,"hmag:soul_powder":1,"botania:yellow_double_flower":1,"spore:armor_fragment":2,"minecraft:dandelion":4,"minecraft:sand":6,"sophisticatedbackpacks:iron_backpack":1,"minecraft:spider_eye":1,"mowziesmobs:naga_fang":7,"minecraft:bundle":1,"minecraft:light_gray_concrete":2,"immersiveengineering:seed":70,"minecraft:spruce_boat":2,"minecraft:iron_helmet":1,"minecraft:golden_apple":8,"minecraft:white_concrete":4,"minecraft:bread":55,"werewolves:cracked_bone":2,"spore:spine_fragment":6},"minecraft:mined":{"spore:wall_growths_big":5,"spore:wall_growths":1,"minecraft:grass_block":1,"spore:fungal_stem":5,"spore:growths_small":3,"spore:blomfung":4,"spore:growth_mycelium":2,"vampirism:tent":4,"minecraft:iron_bars":2,"minecraft:stone":10,"minecraft:quartz_block":2,"spore:growths_big":6,"minecraft:oak_fence":1,"minecraft:crafting_table":1,"botania:yellow_double_flower":1,"minecraft:tall_grass":4,"minecraft:cobblestone":2,"spore:membrane_block":1,"botania:black_mystical_flower":1,"minecraft:white_terracotta":2,"spore:bloomfung2":10,"minecraft:grass":8,"minecraft:sand":6,"minecraft:dirt":7,"spore:hanging_fungal_stem":2,"werewolves:magic_leaves":1,"spore:remains":1,"minecraft:fern":1},"minecraft:custom":{"lootr:looted_stat":3,"minecraft:mob_kills":83,"minecraft:interact_with_crafting_table":9,"minecraft:open_barrel":1,"minecraft:damage_dealt_resisted":232,"minecraft:leave_game":3,"minecraft:time_since_death":37540,"minecraft:climb_one_cm":1787,"minecraft:sprint_one_cm":632562,"minecraft:walk_one_cm":545296,"minecraft:damage_blocked_by_shield":3505,"minecraft:drop":20,"minecraft:damage_dealt_absorbed":40,"minecraft:play_time":211057,"minecraft:deaths":20,"minecraft:sneak_time":6461,"minecraft:walk_under_water_one_cm":23628,"minecraft:boat_one_cm":257190,"minecraft:jump":2728,"minecraft:walk_on_water_one_cm":44605,"minecraft:total_world_time":211057,"minecraft:interact_with_furnace":2,"minecraft:sleep_in_bed":1,"minecraft:time_since_rest":6690,"minecraft:damage_taken":11055,"minecraft:damage_dealt":11851,"minecraft:swim_one_cm":64467,"minecraft:fly_one_cm":1914415,"minecraft:open_chest":83,"minecraft:crouch_one_cm":25580,"tombstone:undead_killed":15,"minecraft:fall_one_cm":72634,"minecraft:horse_one_cm":11029},"minecraft:broken":{"minecraft:iron_boots":1,"minecraft:iron_helmet":1},"minecraft:dropped":{"minecraft:iron_sword":1,"minecraft:cobblestone":3,"minecraft:grass_block":1,"mowziesmobs:naga_fang":3,"minecraft:dirt":2,"tconstruct:materials_and_you":1,"minecraft:diorite":1,"werewolves:cracked_bone":1,"minecraft:string":4,"minecraft:bone":4,"botania:yellow_double_flower":1,"guideapi_vp:vampirism-guidebook":1,"minecraft:gunpowder":4,"minecraft:bundle":1,"mysticalagriculture:inferium_essence":1},"minecraft:killed":{"vampirism:vampire":1,"spore:inf_hazmat":8,"spore:braiomil":1,"minecraft:spider":4,"born_in_chaos_v1:thornshell_crab":1,"born_in_chaos_v1:baby_skeleton_minion":1,"born_in_chaos_v1:maggot":5,"naturalist:snail":1,"minecraft:skeleton":5,"hmag:zombie_girl":1,"werewolves:werewolf_beast":1,"hmag:harpy":1,"hmag:ghost":1,"born_in_chaos_v1:bonescaller":1,"spore:inf_player":2,"minecraft:creeper":4,"born_in_chaos_v1:decrepit_skeleton":1,"spore:inf_pillager":2,"spore:umarmed":1,"spore:inf_villager":8,"born_in_chaos_v1:bloody_gadfly":1,"minecraft:zombie":5,"spore:inf_human":8,"spore:lacerator":3,"spore:inf_husk":4,"werewolves:werewolf_survivalist":2,"mowziesmobs:naga":3}},"DataVersion":3120}