{"stats":{"minecraft:crafted":{"minecraft:coal_block":14,"minecraft:crafting_table":3,"minecraft:iron_helmet":1,"minecraft:bread":21,"minecraft:air":59,"minecraft:bow":1,"minecraft:string":21,"minecraft:iron_boots":1,"minecraft:diamond_leggings":1,"minecraft:shield":1,"minecraft:torch":14,"minecraft:diamond_chestplate":1},"minecraft:used":{"minecraft:water_bucket":1,"minecraft:shield":45,"minecraft:iron_sword":125,"minecraft:torch":6,"minecraft:dirt":139,"minecraft:crafting_table":4,"minecraft:red_sandstone":2,"minecraft:iron_axe":1,"minecraft:bread":41,"minecraft:stone_bricks":25,"minecraft:diamond_sword":2,"minecraft:bow":13,"minecraft:bucket":1,"tombstone:gift":3,"minecraft:egg":2,"minecraft:acacia_planks":458,"minecraft:splash_potion":3},"minecraft:killed_by":{"mowziesmobs:naga":1,"vampirism:advanced_hunter":1,"minecraft:spider":1,"spore:usurper":2,"born_in_chaos_v1:thornshell_crab":1},"minecraft:picked_up":{"sophisticatedbackpacks:gold_backpack":1,"minecraft:feather":2,"born_in_chaos_v1:corpse_maggot":3,"minecraft:coarse_dirt":1,"minecraft:wheat":1,"minecraft:crafting_table":2,"minecraft:azure_bluet":1,"born_in_chaos_v1:river_mint":4,"vampirism:item_tent":3,"minecraft:water_bucket":1,"tconstruct:materials_and_you":1,"minecraft:shield":2,"minecraft:gunpowder":3,"minecraft:dirt":1239,"minecraft:string":4,"minecraft:iron_axe":1,"immersiveengineering:hemp_fiber":214,"minecraft:iron_shovel":1,"minecraft:bone":7,"minecraft:apple":1,"mowziesmobs:umvuthana_mask_rage":1,"minecraft:bow":1,"minecraft:diamond_leggings":1,"minecraft:wheat_seeds":8,"mysticalagriculture:inferium_essence":8,"guideapi_vp:vampirism-guidebook":1,"minecraft:iron_pickaxe":1,"spore:mutated_fiber":4,"minecraft:iron_nugget":2,"minecraft:poppy":2,"minecraft:iron_sword":1,"minecraft:oak_planks":1,"farmersdelight:cabbage_seeds":16,"minecraft:iron_boots":1,"minecraft:egg":2,"hmag:soul_powder":1,"spore:armor_fragment":1,"minecraft:torch":1,"minecraft:dandelion":4,"sophisticatedbackpacks:iron_backpack":1,"cataclysm:amethyst_crab_shell":4,"minecraft:spider_eye":1,"mowziesmobs:naga_fang":2,"minecraft:diamond_chestplate":1,"minecraft:arrow":16,"minecraft:rotten_flesh":5,"immersiveengineering:seed":70,"minecraft:iron_helmet":1,"minecraft:golden_apple":8,"born_in_chaos_v1:spiny_shell":4,"minecraft:bread":55,"spore:spine_fragment":4,"spore:mutated_heart":1,"minecraft:oxeye_daisy":1},"minecraft:mined":{"minecraft:crafting_table":1,"minecraft:tall_grass":4,"vampirism:tent":3,"minecraft:grass":3,"minecraft:dirt":6},"minecraft:custom":{"lootr:looted_stat":1,"minecraft:interact_with_furnace":1,"minecraft:mob_kills":32,"minecraft:interact_with_crafting_table":6,"minecraft:open_barrel":1,"minecraft:damage_dealt_resisted":20,"minecraft:leave_game":3,"minecraft:time_since_death":362,"minecraft:climb_one_cm":277,"minecraft:time_since_rest":253,"minecraft:sprint_one_cm":203381,"minecraft:damage_taken":3693,"minecraft:walk_one_cm":238377,"minecraft:damage_blocked_by_shield":2010,"minecraft:drop":6,"minecraft:damage_dealt":7135,"minecraft:fly_one_cm":1211332,"minecraft:open_chest":76,"minecraft:crouch_one_cm":10914,"minecraft:play_time":127057,"tombstone:undead_killed":11,"minecraft:deaths":6,"minecraft:sneak_time":3022,"minecraft:walk_under_water_one_cm":5089,"minecraft:jump":998,"minecraft:walk_on_water_one_cm":20569,"minecraft:total_world_time":127057,"minecraft:fall_one_cm":14688,"minecraft:horse_one_cm":11029},"minecraft:dropped":{"guideapi_vp:vampirism-guidebook":1,"minecraft:grass_block":1,"minecraft:dirt":2,"tconstruct:materials_and_you":1,"minecraft:bone":2},"minecraft:killed":{"hmag:harpy":1,"hmag:ghost":1,"spore:inf_player":1,"minecraft:spider":4,"born_in_chaos_v1:thornshell_crab":1,"minecraft:creeper":3,"born_in_chaos_v1:maggot":5,"spore:inf_pillager":1,"spore:umarmed":1,"spore:inf_villager":1,"minecraft:skeleton":5,"born_in_chaos_v1:bloody_gadfly":1,"hmag:zombie_girl":1,"minecraft:zombie":4}},"DataVersion":3120}