{"stats":{"minecraft:mined":{"spore:wall_growths":1,"minecraft:grass_block":2,"spore:fungal_stem":5,"minecraft:fire":1,"spore:growth_mycelium":2,"vampirism:tent":5,"minecraft:iron_bars":6,"minecraft:quartz_block":6,"spore:growths_big":8,"minecraft:chest":2,"minecraft:cobblestone":2,"botania:black_mystical_flower":1,"minecraft:white_terracotta":2,"minecraft:birch_log":5,"minecraft:grass":37,"minecraft:oak_log":66,"minecraft:sand":6,"minecraft:dirt":18,"spore:hanging_fungal_stem":2,"werewolves:magic_leaves":1,"minecraft:oak_leaves":141,"spore:remains":2,"spore:wall_growths_big":5,"spore:growths_small":6,"minecraft:sandstone":4,"spore:blomfung":4,"minecraft:stone":24,"quark:oak_chest":10,"minecraft:oak_fence":4,"minecraft:crafting_table":2,"botania:yellow_double_flower":1,"minecraft:tall_grass":4,"spore:membrane_block":1,"spore:bloomfung2":10,"minecraft:birch_leaves":14,"minecraft:cracked_stone_bricks":1,"minecraft:stone_bricks":2,"minecraft:fern":1},"minecraft:killed":{"vampirism:vampire":1,"spore:inf_hazmat":8,"spore:braiomil":1,"minecraft:spider":4,"born_in_chaos_v1:baby_skeleton_minion":1,"naturalist:snail":1,"minecraft:skeleton":5,"werewolves:werewolf_beast":1,"minecraft:wolf":1,"hmag:harpy":1,"born_in_chaos_v1:bonescaller":1,"spore:inf_player":2,"minecraft:creeper":5,"spore:umarmed":1,"spore:inf_villager":9,"spore:inf_human":28,"minecraft:zombie":5,"spore:lacerator":3,"werewolves:werewolf_survivalist":2,"mowziesmobs:naga":3,"born_in_chaos_v1:thornshell_crab":1,"born_in_chaos_v1:maggot":6,"hmag:zombie_girl":1,"hmag:ghost":1,"born_in_chaos_v1:decrepit_skeleton":1,"spore:inf_pillager":5,"born_in_chaos_v1:bloody_gadfly":1,"spore:inf_husk":4},"minecraft:used":{"minecraft:shield":83,"minecraft:iron_sword":252,"minecraft:spruce_boat":3,"minecraft:stone_bricks":25,"minecraft:bow":181,"minecraft:egg":2,"minecraft:sandstone":1,"minecraft:red_sandstone":2,"minecraft:bread":98,"minecraft:diamond_sword":34,"minecraft:oak_fence":59,"quark:birch_chest":2,"botania:black_mystical_flower":1,"minecraft:torch":15,"minecraft:dirt":273,"minecraft:iron_hoe":123,"minecraft:iron_axe":161,"tombstone:gift":3,"minecraft:acacia_planks":458,"minecraft:water_bucket":9,"minecraft:crafting_table":6,"minecraft:oak_log":24,"minecraft:diamond_shovel":6,"minecraft:iron_pickaxe":47,"minecraft:bucket":9,"quark:oak_chest":5,"minecraft:splash_potion":3},"minecraft:dropped":{"minecraft:iron_sword":2,"minecraft:oak_log":1,"minecraft:crafting_table":1,"minecraft:leather":3,"minecraft:jungle_planks":11,"farmersdelight:rice":1,"mowziesmobs:naga_fang":3,"minecraft:flint":1,"minecraft:emerald":7,"minecraft:dirt":2,"tombstone:bag_of_seeds":1,"tconstruct:materials_and_you":1,"minecraft:gold_nugget":32,"minecraft:bone_meal":31,"minecraft:sand":25,"minecraft:white_wool":5,"minecraft:gold_ingot":3,"minecraft:bone":8,"minecraft:gravel":10,"minecraft:sugar_cane":7,"minecraft:iron_nugget":1,"minecraft:wheat":3,"minecraft:birch_sapling":1,"minecraft:pointed_dripstone":7,"tombstone:gift":1,"minecraft:rotten_flesh":92,"minecraft:oak_planks":8,"vampirism:blood_bottle":1,"minecraft:glowstone_dust":4,"guideapi_vp:vampirism-guidebook":1,"minecraft:azure_bluet":1,"evilcraft:flesh_humanoid":8,"minecraft:carrot":15,"minecraft:gunpowder":9,"minecraft:skeleton_skull":1,"minecraft:charcoal":17,"mysticalagriculture:inferium_essence":1,"minecraft:beetroot_seeds":1,"born_in_chaos_v1:corpse_maggot":3,"minecraft:iron_bars":11,"minecraft:arrow":5,"minecraft:glass":1,"vampirism:pure_salt_water":1,"immersiveengineering:seed":2,"minecraft:enchanted_book":2,"born_in_chaos_v1:wood_splitter_axe":1,"minecraft:wheat_seeds":529,"minecraft:tnt":1,"minecraft:dripstone_block":8,"minecraft:feather":4,"minecraft:cobblestone":3,"evilcraft:dark_gem":9,"minecraft:grass_block":2,"minecraft:spruce_fence_gate":2,"minecraft:oxeye_daisy":1,"minecraft:cobweb":6,"minecraft:diorite":1,"born_in_chaos_v1:river_mint":6,"werewolves:cracked_bone":1,"minecraft:melon_slice":14,"minecraft:smooth_quartz":6,"tombstone:grave_dust":8,"minecraft:iron_shovel":1,"minecraft:string":23,"minecraft:bucket":1,"minecraft:acacia_planks":12,"artifacts:bunny_hoppers":1,"minecraft:dandelion":4,"hmag:soul_powder":1,"artifacts:kitty_slippers":1,"minecraft:coarse_dirt":2,"botania:yellow_double_flower":1,"minecraft:cocoa_beans":6,"vampirism:holy_water_bottle_ultimate":1,"farmersdelight:cabbage_seeds":16,"hmag:evil_arrow":7,"minecraft:white_carpet":3,"minecraft:comparator":26,"minecraft:iron_hoe":1,"minecraft:shears":1,"minecraft:glass_pane":15,"minecraft:flint_and_steel":1,"takesapillage:ravager_horn":2,"minecraft:bundle":1,"minecraft:spruce_planks":49,"minecraft:oak_boat":1,"minecraft:oak_sapling":1,"minecraft:redstone_torch":7,"minecraft:barrel":1,"minecraft:spider_eye":2,"minecraft:bamboo":3,"minecraft:sandstone":1,"immersiveengineering:hemp_fiber":1},"minecraft:crafted":{"minecraft:oak_planks":108,"quark:birch_chest":2,"minecraft:diamond_leggings":1,"minecraft:bow":1,"minecraft:iron_boots":1,"minecraft:oak_fence":81,"minecraft:crafting_table":5,"minecraft:spruce_planks":27,"minecraft:iron_helmet":1,"minecraft:birch_planks":5,"minecraft:string":21,"minecraft:shield":2,"minecraft:stick":88,"minecraft:iron_hoe":1,"minecraft:spruce_boat":1,"minecraft:wheat":27,"minecraft:coal_block":14,"minecraft:diamond_sword":1,"minecraft:bread":88,"minecraft:air":189,"minecraft:torch":14,"minecraft:diamond_chestplate":1},"minecraft:killed_by":{"mowziesmobs:naga":1,"minecraft:creeper":1,"spore:inf_human":1,"cataclysm:deepling":1,"spore:inf_player":1,"spore:umarmed":1,"vampirism:advanced_hunter":1,"minecraft:spider":1,"spore:usurper":11,"mutantmonsters:mutant_skeleton":1,"born_in_chaos_v1:thornshell_crab":1},"minecraft:broken":{"minecraft:iron_boots":1,"minecraft:iron_sword":1,"minecraft:iron_helmet":1},"minecraft:custom":{"lootr:looted_stat":8,"minecraft:interact_with_crafting_table":17,"minecraft:open_barrel":1,"minecraft:eat_cake_slice":2,"minecraft:leave_game":4,"minecraft:time_since_death":38621,"minecraft:sprint_one_cm":899702,"minecraft:damage_blocked_by_shield":3505,"minecraft:drop":130,"minecraft:play_time":293601,"minecraft:deaths":21,"minecraft:jump":3415,"minecraft:walk_on_water_one_cm":44605,"minecraft:interact_with_furnace":2,"minecraft:sleep_in_bed":1,"minecraft:damage_dealt":15023,"minecraft:crouch_one_cm":32448,"tombstone:undead_killed":15,"minecraft:horse_one_cm":11029,"minecraft:mob_kills":112,"minecraft:damage_dealt_resisted":232,"minecraft:climb_one_cm":1787,"minecraft:walk_one_cm":763245,"minecraft:damage_dealt_absorbed":40,"minecraft:sneak_time":7355,"minecraft:walk_under_water_one_cm":23628,"minecraft:boat_one_cm":257190,"minecraft:total_world_time":293601,"minecraft:time_since_rest":38490,"minecraft:damage_taken":11938,"minecraft:swim_one_cm":64467,"minecraft:fly_one_cm":2215670,"minecraft:open_chest":120,"minecraft:fall_one_cm":94826},"minecraft:picked_up":{"spore:mutated_heart":11,"minecraft:wheat":178,"artifacts:bunny_hoppers":1,"minecraft:enchanted_book":2,"vampirism:pure_salt_water":1,"minecraft:string":27,"vampirism:obi_belt":1,"minecraft:diamond_leggings":1,"mysticalagriculture:inferium_essence":45,"minecraft:gold_nugget":32,"minecraft:comparator":26,"minecraft:bucket":1,"minecraft:spruce_planks":49,"minecraft:redstone_torch":7,"minecraft:iron_pickaxe":1,"minecraft:smooth_quartz":6,"minecraft:melon_slice":14,"minecraft:iron_boots":1,"farmersdelight:cabbage_seeds":32,"minecraft:furnace":4,"minecraft:stick":25,"minecraft:oak_fence":4,"minecraft:torch":1,"werewolves:liver":2,"born_in_chaos_v1:pileof_dark_metal":1,"tombstone:grave_dust":8,"minecraft:pointed_dripstone":7,"minecraft:diorite":1,"born_in_chaos_v1:nightmare_claw":1,"cataclysm:amethyst_crab_shell":4,"minecraft:quartz_block":4,"vampirism:blood_bottle":2,"minecraft:rotten_flesh":99,"minecraft:white_terracotta":2,"minecraft:iron_bars":11,"minecraft:cobblestone":51,"minecraft:birch_log":5,"minecraft:feather":6,"farmersdelight:rice":1,"minecraft:water_bucket":1,"minecraft:flint":1,"evilcraft:flesh_humanoid":8,"minecraft:dirt":2144,"born_in_chaos_v1:monster_skin":7,"hmag:evil_crystal_fragment":1,"immersiveengineering:hemp_fiber":462,"minecraft:bone":16,"minecraft:glass":1,"minecraft:acacia_planks":12,"minecraft:bow":1,"minecraft:wheat_seeds":745,"minecraft:bamboo":3,"minecraft:glowstone_dust":4,"minecraft:oak_planks":73,"hmag:soul_powder":7,"botania:yellow_double_flower":1,"spore:armor_fragment":6,"minecraft:jungle_planks":11,"minecraft:sand":31,"vampirism:hunter_coat_chest_ultimate":1,"sophisticatedbackpacks:iron_backpack":1,"minecraft:grass_block":1,"minecraft:barrel":1,"minecraft:bundle":1,"minecraft:iron_hoe":1,"minecraft:light_gray_concrete":2,"minecraft:spruce_fence_gate":2,"minecraft:spruce_boat":2,"minecraft:crossbow":1,"tconstruct:blood_slime_grass_seeds":11,"minecraft:bone_meal":95,"minecraft:golden_apple":8,"minecraft:white_concrete":4,"minecraft:bread":55,"minecraft:emerald":7,"werewolves:cracked_bone":2,"spore:spine_fragment":6,"minecraft:oak_sapling":14,"born_in_chaos_v1:rotten_fish":1,"minecraft:cocoa_beans":6,"sophisticatedbackpacks:gold_backpack":1,"minecraft:charcoal":17,"minecraft:coarse_dirt":5,"minecraft:crafting_table":4,"minecraft:azure_bluet":2,"born_in_chaos_v1:river_mint":10,"minecraft:clay_ball":64,"born_in_chaos_v1:seedof_chaos":5,"tconstruct:materials_and_you":1,"minecraft:shield":2,"spore:sickle_fragment":1,"minecraft:brick":12,"minecraft:iron_axe":1,"minecraft:flint_and_steel":1,"minecraft:white_carpet":3,"minecraft:iron_shovel":2,"takesapillage:ravager_horn":3,"minecraft:glass_pane":15,"butchersdelight:dead_cow":8,"minecraft:cracked_stone_bricks":2,"minecraft:oak_boat":1,"minecraft:iron_nugget":5,"minecraft:poppy":2,"minecraft:chest":3,"minecraft:sugar_cane":7,"minecraft:birch_sapling":3,"minecraft:egg":2,"spore:tumor":1,"minecraft:sandstone":2,"minecraft:stone":48,"evilcraft:origins_of_darkness":1,"minecraft:spruce_fence":35,"hmag:evil_arrow":7,"minecraft:carrot":22,"born_in_chaos_v1:pieceofdarkmetal":4,"minecraft:dark_oak_planks":36,"minecraft:tnt":2,"minecraft:arrow":23,"butchersdelight:deadsheep":1,"minecraft:diamond_chestplate":1,"minecraft:beetroot_seeds":1,"born_in_chaos_v1:wood_splitter_axe":1,"minecraft:shears":1,"born_in_chaos_v1:spiny_shell":4,"minecraft:gold_ingot":3,"minecraft:skeleton_skull":1,"minecraft:white_wool":5,"minecraft:oxeye_daisy":2,"born_in_chaos_v1:corpse_maggot":6,"minecraft:jungle_boat":1,"vampirism:item_tent":3,"mysticalagriculture:fertilized_essence":2,"minecraft:leather":3,"werewolves:dream_catcher":2,"minecraft:oak_log":65,"minecraft:gunpowder":14,"tombstone:gift":1,"botania:black_mystical_flower":1,"minecraft:apple":3,"minecraft:stone_bricks":2,"mowziesmobs:umvuthana_mask_rage":1,"guideapi_vp:vampirism-guidebook":1,"minecraft:cobweb":6,"artifacts:kitty_slippers":1,"spore:mutated_fiber":74,"tombstone:bag_of_seeds":1,"vampirism:holy_water_bottle_ultimate":1,"minecraft:iron_sword":3,"endrem:witch_pupil":1,"minecraft:dandelion":8,"minecraft:dripstone_block":8,"minecraft:gravel":10,"minecraft:spruce_log":27,"quark:oak_chest":8,"minecraft:spider_eye":3,"mowziesmobs:naga_fang":14,"minecraft:diamond_shovel":2,"immersiveengineering:seed":201,"evilcraft:dark_gem":9,"minecraft:iron_helmet":1}},"DataVersion":3120}