{"stats":{"minecraft:dropped":{"minecraft:dirt":4,"minecraft:smooth_quartz":3,"farmersdelight:cabbage_seeds":4,"minecraft:azure_bluet":1,"minecraft:pumpkin_seeds":8,"minecraft:wooden_pickaxe":1},"minecraft:killed":{"naturalist:rattlesnake":1,"minecraft:spider":3,"minecraft:silverfish":2,"born_in_chaos_v1:barrel_zombie":1,"spore:inf_player":2,"minecraft:creeper":1,"minecraft:sheep":1,"born_in_chaos_v1:zombie_fisherman":1,"spore:inf_human":2,"spore:inf_husk":1},"minecraft:custom":{"lootr:looted_stat":6,"minecraft:mob_kills":15,"minecraft:interact_with_crafting_table":71,"minecraft:open_barrel":5,"minecraft:leave_game":4,"minecraft:time_since_death":235890,"minecraft:climb_one_cm":32420,"minecraft:sprint_one_cm":1876264,"minecraft:walk_one_cm":2757791,"minecraft:drop":13,"minecraft:play_noteblock":10,"minecraft:play_time":425123,"minecraft:sneak_time":21291,"minecraft:deaths":28,"minecraft:walk_under_water_one_cm":107561,"minecraft:jump":3705,"minecraft:walk_on_water_one_cm":122823,"minecraft:total_world_time":425123,"minecraft:interact_with_furnace":106,"minecraft:tune_noteblock":3,"minecraft:interact_with_cartography_table":1,"minecraft:interact_with_stonecutter":1,"minecraft:sleep_in_bed":2,"minecraft:time_since_rest":8762,"minecraft:damage_taken":10411,"minecraft:damage_absorbed":80,"minecraft:damage_dealt":4700,"minecraft:swim_one_cm":64906,"minecraft:fly_one_cm":1353683,"minecraft:open_chest":157,"minecraft:crouch_one_cm":125700,"tombstone:undead_killed":2,"minecraft:fall_one_cm":52929},"minecraft:crafted":{"minecraft:smooth_stone":3,"minecraft:oak_planks":60,"minecraft:coal":1,"securitycraft:reinforced_stone_brick_stairs":16,"minecraft:diamond_hoe":1,"minecraft:furnace":5,"minecraft:stone":1899,"minecraft:bone_meal":22,"minecraft:diamond_shovel":2,"quark:acacia_ladder":8,"minecraft:cooked_mutton":2,"minecraft:diamond_block":41,"tconstruct:greenheart_wood":3,"minecraft:diamond":541,"quark:acacia_chest":14,"minecraft:diamond_helmet":2,"minecraft:diamond_leggings":2,"securitycraft:universal_block_remover":1,"securitycraft:reinforced_acacia_slab":30,"minecraft:stone_pickaxe":2,"minecraft:diamond_boots":1,"minecraft:stone_bricks":1764,"minecraft:diamond_sword":1,"minecraft:cooked_porkchop":4,"minecraft:diamond_axe":1,"minecraft:crafting_table":8,"farmersdelight:iron_knife":2,"minecraft:wooden_pickaxe":1,"minecraft:bucket":1,"minecraft:stone_axe":1,"minecraft:air":224,"minecraft:jungle_planks":15,"securitycraft:reinforced_stone_brick_slab":18,"minecraft:diamond_pickaxe":2,"minecraft:stick":16,"minecraft:iron_pickaxe":1,"minecraft:oak_stairs":28,"minecraft:wooden_axe":1,"minecraft:acacia_planks":29,"minecraft:torch":28,"minecraft:shears":1,"minecraft:diamond_chestplate":1},"minecraft:killed_by":{"mowziesmobs:naga":5,"spore:slasher":1,"spore:busser":4,"minecraft:creeper":3,"born_in_chaos_v1:zombie_bruiser":1,"spore:usurper":2,"spore:inf_pillager":1,"spore:inf_player":1,"minecraft:silverfish":1,"spore:inf_villager":1,"minecraft:skeleton":1,"spore:wave":2,"born_in_chaos_v1:corpse_fish":1,"spore:wendigo":1,"spore:stalker":1,"spore:umarmed":1,"spore:leaper":1},"minecraft:mined":{"minecraft:oak_sapling":1,"tconstruct:greenheart_wood":2,"spore:calcified_biomass_block":1,"butchersdelight:deadsheepblock":2,"minecraft:acacia_log":37,"minecraft:grass_block":1687,"minecraft:jungle_log":13,"thermal:rubberwood_log":12,"create:ochrum":3,"spore:rooted_biomass":3,"minecraft:coal_block":1,"spore:sicken_biomass_block":1,"botania:black_double_flower":1,"quark:acacia_chest":1,"butchersdelight:deadpigblock":1,"minecraft:kelp":10,"minecraft:oxeye_daisy":2,"mysticalagriculture:inferium_ore":11,"minecraft:spawner":1,"quark:acacia_ladder":1,"minecraft:iron_ore":1,"minecraft:fire":3,"spore:infested_stone":1,"vampirism:tent":1,"minecraft:azure_bluet":1,"minecraft:gold_block":1,"tconstruct:earth_slime_leaves":104,"tconstruct:earth_earth_slime_grass":11,"minecraft:vine":7,"minecraft:cobblestone_slab":4,"minecraft:dirt_path":3,"minecraft:light_gray_concrete":2,"tconstruct:earth_congealed_slime":43,"minecraft:stone":2077,"immersiveengineering:ore_aluminum":25,"minecraft:acacia_leaves":39,"botania:orange_mystical_flower":1,"minecraft:redstone_block":1,"mysticalagriculture:supremium_furnace":2,"minecraft:kelp_plant":1,"spore:growths_big":1,"minecraft:cornflower":1,"minecraft:chiseled_quartz_block":4,"minecraft:crafting_table":1,"minecraft:torch":12,"minecraft:note_block":2,"tconstruct:greenheart_log":5,"minecraft:stone_slab":4,"minecraft:copper_ore":20,"minecraft:tall_grass":11,"minecraft:cobblestone":55,"spore:biomass_block":7,"minecraft:lapis_ore":4,"minecraft:diorite":5,"minecraft:wall_torch":3,"minecraft:ice":2,"tconstruct:earth_slime_dirt":8,"minecraft:birch_leaves":2,"minecraft:yellow_bed":1,"minecraft:grass":166,"minecraft:oak_log":39,"minecraft:coal_ore":61,"minecraft:mycelium":1,"minecraft:gravel":6,"minecraft:dirt":1225,"minecraft:smooth_quartz":3,"thermal:nickel_ore":5,"botania:gray_mystical_flower":1,"minecraft:acacia_planks":15,"born_in_chaos_v1:infernal_evil_pumpkin_s":1,"spore:remains":2,"minecraft:oak_leaves":11,"minecraft:fern":4,"minecraft:infested_stone":1},"minecraft:used":{"minecraft:acacia_log":144,"mysticalagriculture:supremium_furnace":4,"minecraft:diamond_hoe":116,"minecraft:tinted_glass":10,"securitycraft:reinforced_acacia_planks":134,"minecraft:stone":1,"minecraft:iron_sword":4,"minecraft:torch":93,"minecraft:dirt":778,"cataclysm:amethyst_crab_spawn_egg":5,"minecraft:acacia_sapling":10,"minecraft:glass":31,"minecraft:wooden_axe":6,"minecraft:grass_block":413,"minecraft:oak_stairs":14,"tconstruct:earth_slime_sapling":3,"tconstruct:greenheart_wood":2,"minecraft:jungle_log":1,"minecraft:stone_bricks":819,"quark:acacia_ladder":9,"minecraft:black_stained_glass":38,"minecraft:oak_sapling":7,"minecraft:furnace":5,"minecraft:gold_block":1,"tombstone:gift":4,"securitycraft:reinforced_stone_brick_stairs":17,"minecraft:egg":2,"minecraft:acacia_planks":206,"minecraft:cooked_mutton":2,"farmersdelight:iron_knife":5,"minecraft:water_bucket":26,"securitycraft:reinforced_stone_brick_slab":8,"minecraft:stone_pickaxe":254,"minecraft:oak_planks":16,"minecraft:wooden_pickaxe":29,"minecraft:sandstone":111,"minecraft:diamond_axe":154,"minecraft:oak_leaves":83,"minecraft:golden_apple":2,"minecraft:glow_berries":6,"minecraft:golden_hoe":11,"securitycraft:reinforced_stone_bricks":564,"minecraft:crafting_table":9,"quark:acacia_chest":15,"securitycraft:universal_block_remover":31,"minecraft:sponge":7,"minecraft:shears":2,"hmag:spectral_soup":1,"tombstone:bag_of_seeds":2,"minecraft:diamond_pickaxe":1849,"minecraft:red_sandstone":445,"minecraft:diamond_shovel":2960,"securitycraft:reinforced_acacia_slab":28,"minecraft:iron_pickaxe":250,"minecraft:gravel":1,"farmersdelight:ham":1,"minecraft:stone_axe":39,"minecraft:diamond_sword":39,"minecraft:cobblestone":278,"minecraft:cooked_porkchop":2,"minecraft:bucket":26,"minecraft:yellow_bed":1,"tconstruct:earth_slime_dirt":3,"minecraft:bone_meal":22},"minecraft:picked_up":{"minecraft:fishing_rod":1,"minecraft:cocoa_beans":1,"minecraft:crafting_table":1,"minecraft:wheat":2,"minecraft:azure_bluet":5,"spore:calcified_biomass_block":1,"minecraft:chainmail_boots":1,"spore:sicken_biomass_block":1,"botania:black_double_flower":1,"minecraft:gold_block":1,"minecraft:cornflower":5,"tconstruct:earth_slime_dirt":19,"minecraft:string":2,"minecraft:raw_copper":65,"thermal:raw_nickel":5,"mysticalagriculture:supremium_furnace":2,"minecraft:diamond_leggings":1,"mysticalagriculture:inferium_essence":39,"minecraft:jungle_sapling":1,"minecraft:poppy":6,"minecraft:smooth_quartz":3,"securitycraft:reinforced_grass_path":4,"minecraft:coal_block":1,"farmersdelight:cabbage_seeds":5,"minecraft:egg":3,"minecraft:stick":29,"minecraft:raw_iron":1,"minecraft:torch":22,"minecraft:acacia_log":38,"minecraft:porkchop":6,"farmersdelight:tomato_seeds":2,"minecraft:diorite":5,"quark:clear_shard":5,"minecraft:arrow":50,"butchersdelight:deadsheep":5,"minecraft:rotten_flesh":7,"minecraft:cooked_cod":11,"quark:acacia_chest":1,"create:ochrum":1,"securitycraft:reinforced_stone_bricks":719,"securitycraft:universal_block_reinforcer_lvl2":3,"tconstruct:earth_slime_sapling":3,"minecraft:mutton":7,"quark:acacia_ladder":1,"minecraft:iron_bars":31,"minecraft:white_wool":2,"minecraft:cobblestone":2121,"minecraft:oxeye_daisy":6,"born_in_chaos_v1:corpse_maggot":5,"securitycraft:reinforced_acacia_slab":1,"tconstruct:greenheart_log":5,"spore:rooted_biomass":3,"minecraft:jungle_log":12,"spore:infested_stone":1,"minecraft:leather":1,"paraglider:spirit_orb":2,"butchersdelight:deadpig":2,"minecraft:yellow_bed":1,"minecraft:oak_log":39,"minecraft:chainmail_chestplate":1,"minecraft:gunpowder":1,"minecraft:lapis_lazuli":26,"minecraft:dirt":2807,"minecraft:bone":8,"minecraft:acacia_planks":19,"securitycraft:reinforced_acacia_planks":256,"minecraft:kelp":20,"minecraft:bow":1,"minecraft:red_sandstone":4,"minecraft:wheat_seeds":61,"spore:mutated_fiber":3,"spore:biomass_block":7,"minecraft:acacia_sapling":10,"botania:gray_mystical_flower":6,"tconstruct:greenheart_wood":2,"spore:armor_fragment":7,"minecraft:dandelion":23,"minecraft:gravel":10,"immersiveengineering:raw_aluminum":21,"minecraft:grass_block":1,"farmersdelight:ham":2,"tconstruct:earth_slime_leaves":2,"securitycraft:reinforced_stone_brick_stairs":1,"mowziesmobs:naga_fang":3,"minecraft:pumpkin_seeds":12,"butchersdelight:sheephide":3,"minecraft:slime_ball":173,"minecraft:diamond":8,"immersiveengineering:seed":43,"botania:orange_mystical_flower":3,"minecraft:chainmail_leggings":1,"thermal:rubberwood_log":12,"minecraft:oak_sapling":11,"minecraft:coal":87},"minecraft:broken":{"minecraft:stone_pickaxe":1,"minecraft:diamond_shovel":1,"minecraft:diamond_pickaxe":1,"minecraft:iron_pickaxe":1}},"DataVersion":3120}