{"stats":{"minecraft:dropped":{"minecraft:iron_ingot":6,"minecraft:coal":14,"minecraft:flint":1,"minecraft:dirt":1184,"minecraft:blue_dye":1,"minecraft:iron_pickaxe":2,"minecraft:smooth_basalt":1,"minecraft:oak_planks":33,"minecraft:spruce_log":2,"minecraft:birch_boat":1},"minecraft:picked_up":{"minecraft:charcoal":2,"minecraft:iron_chestplate":2,"minecraft:crafting_table":3,"minecraft:wheat":1,"minecraft:azure_bluet":56,"minecraft:chicken":2,"minecraft:clay_ball":16,"minecraft:wooden_pickaxe":3,"minecraft:cornflower":2,"minecraft:string":3,"minecraft:raw_copper":645,"minecraft:cobbled_deepslate":94,"minecraft:beef":3,"minecraft:poppy":2,"minecraft:iron_pickaxe":3,"minecraft:sugar_cane":10,"minecraft:chest":2,"minecraft:birch_sapling":8,"minecraft:egg":1,"minecraft:iron_boots":1,"minecraft:furnace":1,"minecraft:stick":3,"minecraft:raw_iron":79,"minecraft:copper_ingot":29,"minecraft:torch":43,"minecraft:diorite":93,"minecraft:redstone":392,"minecraft:rotten_flesh":12,"minecraft:blue_dye":1,"minecraft:cobblestone":739,"minecraft:oxeye_daisy":2,"minecraft:birch_log":90,"minecraft:feather":2,"minecraft:glow_ink_sac":4,"minecraft:andesite":1,"minecraft:leather":6,"minecraft:black_bed":1,"minecraft:birch_planks":46,"minecraft:flint":1,"minecraft:tuff":9,"minecraft:oak_log":31,"minecraft:yellow_bed":1,"minecraft:gunpowder":1,"minecraft:lapis_lazuli":164,"minecraft:dirt":1475,"minecraft:cooked_mutton":4,"minecraft:bone":2,"minecraft:wheat_seeds":42,"minecraft:raw_gold":7,"minecraft:bell":1,"minecraft:stone_pickaxe":2,"minecraft:oak_planks":2,"minecraft:smooth_basalt":2,"minecraft:birch_boat":3,"minecraft:dandelion":34,"minecraft:gravel":42,"minecraft:sand":39,"minecraft:spruce_log":2,"minecraft:purple_bed":1,"minecraft:iron_helmet":1,"minecraft:granite":24,"minecraft:bread":10,"minecraft:oak_sapling":4,"minecraft:coal":98},"minecraft:broken":{"minecraft:iron_boots":1,"minecraft:wooden_pickaxe":2,"minecraft:stone_pickaxe":4,"minecraft:iron_pickaxe":1,"minecraft:iron_helmet":1,"minecraft:wooden_axe":1,"minecraft:stone_shovel":11},"minecraft:custom":{"minecraft:mob_kills":13,"minecraft:interact_with_crafting_table":30,"minecraft:bell_ring":1,"minecraft:leave_game":3,"minecraft:time_since_death":10348,"minecraft:sprint_one_cm":542837,"minecraft:walk_one_cm":617218,"minecraft:drop":37,"minecraft:talked_to_villager":14,"minecraft:play_time":216410,"minecraft:deaths":34,"minecraft:sneak_time":23204,"minecraft:walk_under_water_one_cm":38295,"minecraft:boat_one_cm":102385,"minecraft:jump":3039,"minecraft:interact_with_blast_furnace":1,"minecraft:walk_on_water_one_cm":50680,"minecraft:total_world_time":216410,"minecraft:interact_with_furnace":45,"minecraft:sleep_in_bed":8,"minecraft:time_since_rest":10382,"minecraft:damage_taken":11206,"minecraft:damage_dealt":2866,"minecraft:swim_one_cm":4750,"minecraft:fly_one_cm":473271,"minecraft:open_chest":23,"minecraft:crouch_one_cm":60787,"minecraft:fall_one_cm":54754},"minecraft:crafted":{"minecraft:wooden_sword":1,"minecraft:oak_planks":92,"minecraft:stone_shovel":11,"minecraft:birch_boat":1,"minecraft:furnace":5,"minecraft:stone":2,"minecraft:bone_meal":6,"minecraft:iron_boots":2,"minecraft:iron_axe":1,"minecraft:stone_pickaxe":2,"minecraft:cooked_beef":3,"minecraft:wooden_shovel":1,"minecraft:cooked_porkchop":3,"minecraft:crafting_table":4,"minecraft:iron_helmet":2,"minecraft:wooden_pickaxe":1,"minecraft:iron_sword":1,"minecraft:copper_ingot":29,"minecraft:bucket":1,"minecraft:birch_planks":176,"minecraft:air":0,"minecraft:blue_dye":1,"minecraft:stick":92,"minecraft:iron_ingot":69,"minecraft:iron_pickaxe":4,"minecraft:wooden_axe":2,"minecraft:light_gray_dye":56,"minecraft:torch":80},"minecraft:killed_by":{"minecraft:player":10,"minecraft:spider":3,"minecraft:pillager":3,"minecraft:vindicator":2,"minecraft:warden":8,"minecraft:skeleton":7},"minecraft:mined":{"minecraft:tuff":3,"minecraft:glow_lichen":1,"minecraft:granite":6,"minecraft:grass_block":812,"minecraft:redstone_wire":2,"minecraft:redstone_ore":17,"minecraft:sculk_catalyst":1,"minecraft:furnace":1,"minecraft:iron_ore":45,"minecraft:cobbled_deepslate":12,"minecraft:andesite":1,"minecraft:deepslate_lapis_ore":2,"minecraft:azure_bluet":19,"minecraft:bell":1,"minecraft:deepslate_iron_ore":22,"minecraft:stone":474,"minecraft:white_banner":1,"minecraft:deepslate_redstone_ore":31,"minecraft:dandelion":7,"minecraft:crafting_table":2,"minecraft:torch":5,"minecraft:campfire":1,"minecraft:tall_grass":11,"minecraft:copper_ore":62,"minecraft:cobblestone":45,"minecraft:lapis_ore":11,"minecraft:deepslate_gold_ore":7,"minecraft:sugar_cane":3,"minecraft:diorite":17,"minecraft:wall_torch":7,"minecraft:deepslate_copper_ore":1,"minecraft:purple_bed":1,"minecraft:birch_planks":11,"minecraft:birch_log":61,"minecraft:spruce_log":1,"minecraft:birch_leaves":2,"minecraft:grass":79,"minecraft:coal_ore":79,"minecraft:oak_log":24,"minecraft:gravel":18,"minecraft:sand":39,"minecraft:dirt":710,"minecraft:smooth_basalt":1,"minecraft:oak_leaves":52,"minecraft:deepslate":60},"minecraft:killed":{"minecraft:vindicator":1,"minecraft:spider":1,"minecraft:skeleton":1,"minecraft:chicken":2,"minecraft:creeper":1,"minecraft:zombie":6,"minecraft:cow":1},"minecraft:used":{"minecraft:stone_shovel":1487,"minecraft:chest":2,"minecraft:wooden_shovel":36,"minecraft:rotten_flesh":6,"minecraft:torch":94,"minecraft:dirt":50,"minecraft:tuff":3,"minecraft:wooden_axe":58,"minecraft:iron_axe":70,"minecraft:birch_sapling":8,"minecraft:furnace":6,"minecraft:cooked_beef":3,"minecraft:cobbled_deepslate":35,"minecraft:cooked_mutton":4,"minecraft:water_bucket":35,"minecraft:diorite":46,"minecraft:birch_planks":240,"minecraft:stone_pickaxe":461,"minecraft:wooden_pickaxe":88,"minecraft:birch_boat":1,"minecraft:sugar_cane":9,"minecraft:sand":14,"minecraft:crafting_table":6,"minecraft:black_bed":1,"minecraft:bread":3,"minecraft:iron_pickaxe":417,"minecraft:gravel":2,"minecraft:cobblestone":535,"minecraft:andesite":1,"minecraft:bucket":36,"minecraft:yellow_bed":1,"minecraft:bone_meal":6}},"DataVersion":3465}