{"stats":{"minecraft:mined":{"minecraft:kelp_plant":1,"minecraft:crafting_table":1,"butchersdelight:deadsheepblock":2,"minecraft:grass_block":6,"minecraft:jungle_log":12,"thermal:rubberwood_log":12,"minecraft:tall_grass":1,"minecraft:copper_ore":15,"minecraft:cobblestone":45,"minecraft:lapis_ore":4,"butchersdelight:deadpigblock":1,"minecraft:kelp":10,"minecraft:diorite":5,"mysticalagriculture:inferium_ore":11,"minecraft:iron_ore":1,"minecraft:ice":2,"minecraft:gold_block":1,"minecraft:grass":15,"minecraft:oak_log":21,"minecraft:coal_ore":11,"minecraft:vine":7,"minecraft:gravel":6,"minecraft:dirt":35,"minecraft:acacia_planks":1,"minecraft:stone":378,"minecraft:oak_leaves":3,"minecraft:fern":3,"minecraft:infested_stone":1},"minecraft:crafted":{"minecraft:diamond_sword":1,"minecraft:cooked_porkchop":4,"minecraft:crafting_table":4,"farmersdelight:iron_knife":1,"minecraft:stone":333,"minecraft:furnace":2,"minecraft:stone_axe":1,"minecraft:air":48,"minecraft:jungle_planks":15,"minecraft:diamond":532,"minecraft:diamond_helmet":1,"minecraft:diamond_leggings":1,"minecraft:diamond_pickaxe":1,"minecraft:stick":16,"minecraft:stone_pickaxe":2,"minecraft:wooden_axe":1,"minecraft:diamond_boots":1,"minecraft:torch":8,"minecraft:stone_bricks":204,"minecraft:diamond_chestplate":1},"minecraft:custom":{"lootr:looted_stat":2,"minecraft:interact_with_furnace":21,"minecraft:mob_kills":12,"minecraft:interact_with_crafting_table":24,"minecraft:leave_game":2,"minecraft:time_since_death":0,"minecraft:climb_one_cm":2004,"minecraft:time_since_rest":0,"minecraft:sprint_one_cm":416972,"minecraft:damage_absorbed":80,"minecraft:damage_taken":5718,"minecraft:walk_one_cm":962688,"minecraft:damage_dealt":3249,"minecraft:swim_one_cm":11268,"minecraft:fly_one_cm":488571,"minecraft:open_chest":18,"minecraft:crouch_one_cm":60433,"minecraft:play_time":160667,"tombstone:undead_killed":2,"minecraft:deaths":17,"minecraft:sneak_time":10276,"minecraft:walk_under_water_one_cm":66788,"minecraft:jump":1103,"minecraft:walk_on_water_one_cm":64203,"minecraft:total_world_time":160667,"minecraft:fall_one_cm":11972},"minecraft:killed":{"naturalist:rattlesnake":1,"spore:inf_player":1,"minecraft:spider":3,"minecraft:creeper":1,"minecraft:sheep":1,"born_in_chaos_v1:zombie_fisherman":1,"spore:inf_human":1,"minecraft:silverfish":2,"born_in_chaos_v1:barrel_zombie":1},"minecraft:broken":{"minecraft:stone_pickaxe":1},"minecraft:killed_by":{"mowziesmobs:naga":5,"spore:inf_player":1,"spore:slasher":1,"minecraft:silverfish":1,"spore:busser":3,"minecraft:skeleton":1,"minecraft:creeper":2,"born_in_chaos_v1:corpse_fish":1,"spore:wendigo":1,"spore:stalker":1},"minecraft:used":{"minecraft:acacia_log":140,"mysticalagriculture:supremium_furnace":2,"minecraft:stone_pickaxe":254,"minecraft:tinted_glass":10,"minecraft:sandstone":111,"minecraft:oak_leaves":83,"minecraft:torch":49,"minecraft:golden_apple":2,"minecraft:golden_hoe":11,"minecraft:dirt":6,"cataclysm:amethyst_crab_spawn_egg":5,"minecraft:crafting_table":5,"minecraft:sponge":7,"minecraft:glass":31,"minecraft:wooden_axe":6,"minecraft:diamond_pickaxe":288,"minecraft:red_sandstone":445,"minecraft:grass_block":413,"minecraft:jungle_log":1,"farmersdelight:ham":1,"minecraft:gravel":1,"minecraft:diamond_sword":39,"minecraft:stone_bricks":819,"minecraft:stone_axe":39,"minecraft:cobblestone":277,"minecraft:black_stained_glass":38,"minecraft:furnace":2,"minecraft:cooked_porkchop":2,"minecraft:gold_block":1,"tombstone:gift":4,"minecraft:acacia_planks":184},"minecraft:picked_up":{"minecraft:fishing_rod":1,"born_in_chaos_v1:corpse_maggot":5,"minecraft:cocoa_beans":1,"minecraft:wheat":2,"minecraft:crafting_table":1,"minecraft:chainmail_boots":1,"minecraft:jungle_log":12,"minecraft:leather":1,"minecraft:gold_block":1,"butchersdelight:deadpig":2,"minecraft:oak_log":21,"minecraft:chainmail_chestplate":1,"minecraft:lapis_lazuli":26,"minecraft:dirt":41,"minecraft:string":1,"minecraft:raw_copper":48,"minecraft:diamond_leggings":1,"minecraft:bone":8,"minecraft:red_sandstone":4,"minecraft:acacia_planks":5,"minecraft:kelp":20,"minecraft:bow":1,"minecraft:wheat_seeds":6,"mysticalagriculture:inferium_essence":38,"spore:mutated_fiber":3,"minecraft:jungle_sapling":1,"minecraft:stick":4,"minecraft:raw_iron":1,"spore:armor_fragment":7,"minecraft:torch":3,"minecraft:acacia_log":1,"minecraft:dandelion":1,"minecraft:gravel":10,"minecraft:porkchop":6,"minecraft:diorite":5,"minecraft:grass_block":1,"butchersdelight:sheephide":1,"farmersdelight:ham":2,"minecraft:slime_ball":2,"butchersdelight:deadsheep":3,"quark:clear_shard":5,"mowziesmobs:naga_fang":2,"minecraft:diamond":8,"minecraft:arrow":50,"minecraft:rotten_flesh":7,"minecraft:cooked_cod":11,"immersiveengineering:seed":4,"minecraft:chainmail_leggings":1,"thermal:rubberwood_log":12,"minecraft:oak_sapling":3,"minecraft:mutton":5,"minecraft:iron_bars":31,"minecraft:coal":11,"minecraft:cobblestone":432}},"DataVersion":3120}