{"stats":{"minecraft:dropped":{"minecraft:wheat_seeds":1,"minecraft:feather":8,"silentgear:flax_seeds":6,"silentgear:sinew":1,"minecraft:end_rod":1,"minecraft:dirt":2,"minecraft:gray_bed":1,"minecraft:wooden_axe":2,"werewolves:wolfsbane":1,"minecraft:oak_planks":4,"meds_and_herbs:plantago_leaves":6,"minecraft:magma_block":2},"minecraft:picked_up":{"minecraft:wooden_axe":1,"minecraft:charcoal":2,"minecraft:crafting_table":2,"minecraft:chicken":2,"silentgear:sinew":1,"minecraft:string":4,"minecraft:cracked_stone_bricks":8,"mysticalagriculture:inferium_essence":4,"minecraft:beef":17,"meds_and_herbs:plantago_leaves":6,"minecraft:rose_bush":2,"dynamictrees:oak_seed":8,"minecraft:chest":2,"minecraft:egg":1,"minecraft:stick":65,"minecraft:raw_iron":38,"werewolves:wolfsbane":1,"tombstone:grave_dust":2,"minecraft:carrot":1,"minecraft:rotten_flesh":3,"k_turrets:raw_titanium":10,"minecraft:end_rod":1,"minecraft:cobblestone":306,"minecraft:birch_log":2,"minecraft:magma_block":2,"silentgear:flax_seeds":6,"minecraft:feather":10,"vampirism:item_tent":2,"minecraft:brown_wool":1,"minecraft:leather":5,"minecraft:oak_log":41,"minecraft:cobblestone_stairs":2,"minecraft:dirt":2,"minecraft:lantern":2,"tombstone:gift":1,"minecraft:stone_bricks":7,"minecraft:wheat_seeds":2,"dynamictrees:birch_seed":1,"tombstone:bag_of_seeds":1,"minecraft:gray_bed":1,"minecraft:oak_planks":8,"minecraft:black_candle":5,"minecraft:spruce_door":1,"minecraft:mossy_cobblestone":3,"graveyard:oak_coffin":2,"minecraft:gray_wool":7,"minecraft:emerald":6,"minecraft:netherrack":16,"minecraft:dark_oak_wood":1,"minecraft:coal":110},"minecraft:used":{"minecraft:flint_and_steel":4,"minecraft:oak_sign":1,"minecraft:chest":8,"minecraft:shield":36,"minecraft:iron_sword":65,"minecraft:oak_door":2,"minecraft:torch":8,"minecraft:wooden_axe":23,"vampirism:item_tent":2,"minecraft:iron_axe":9,"hmag:golden_tropical_fish":1,"minecraft:iron_helmet":1,"minecraft:iron_boots":1,"minecraft:furnace":2,"minecraft:gray_bed":1,"tombstone:gift":2,"minecraft:egg":1,"minecraft:spruce_door":1,"minecraft:stone_pickaxe":127,"minecraft:oak_planks":11,"minecraft:wooden_pickaxe":119,"minecraft:cracked_stone_bricks":8,"minecraft:crafting_table":4,"minecraft:campfire":1,"tombstone:bag_of_seeds":2,"minecraft:bread":7,"minecraft:iron_pickaxe":300,"minecraft:cobblestone":286,"minecraft:black_candle":1,"minecraft:gray_wool":5,"minecraft:experience_bottle":2},"minecraft:killed_by":{"vampirism:advanced_vampire":2,"alexsmobs:tiger":1,"grimoireofgaia:minotaurus":1,"grimoireofgaia:harpy":1,"grimoireofgaia:spriggan":3,"minecraft:zombie":2},"minecraft:custom":{"minecraft:interact_with_smithing_table":1,"minecraft:mob_kills":18,"minecraft:interact_with_crafting_table":23,"minecraft:open_barrel":7,"minecraft:damage_dealt_resisted":34,"minecraft:leave_game":1,"minecraft:time_since_death":30660,"minecraft:climb_one_cm":5772,"vampirism:interact_alchemical_cauldron":1,"minecraft:sprint_one_cm":283530,"minecraft:walk_one_cm":331026,"minecraft:damage_blocked_by_shield":3022,"minecraft:drop":19,"vampirism:interact_with_totem":2,"minecraft:talked_to_villager":7,"minecraft:play_time":105356,"minecraft:deaths":10,"minecraft:sneak_time":3048,"minecraft:interact_with_lectern":1,"minecraft:jump":1627,"minecraft:interact_with_blast_furnace":1,"minecraft:walk_on_water_one_cm":843,"minecraft:total_world_time":105356,"minecraft:interact_with_furnace":22,"tombstone:raider_killed":1,"minecraft:tune_noteblock":3,"minecraft:interact_with_cartography_table":2,"vampirism:interact_with_research_table":3,"vampirism:interact_with_garlic_diffuser":2,"minecraft:interact_with_grindstone":1,"minecraft:sleep_in_bed":4,"minecraft:time_since_rest":29649,"minecraft:damage_taken":3657,"minecraft:damage_dealt":3281,"minecraft:fly_one_cm":285458,"minecraft:open_chest":49,"minecraft:crouch_one_cm":8865,"tombstone:undead_killed":6,"minecraft:fall_one_cm":23214},"minecraft:killed":{"minecraft:spider":1,"minecraft:skeleton":3,"minecraft:chicken":2,"minecraft:pillager":1,"minecraft:zombie":3,"minecraft:cow":8},"minecraft:broken":{"minecraft:wooden_pickaxe":2,"minecraft:golden_leggings":1,"minecraft:stone_pickaxe":1,"minecraft:shield":1,"minecraft:iron_pickaxe":1},"minecraft:crafted":{"minecraft:oak_door":3,"minecraft:oak_planks":38,"minecraft:oak_sign":3,"minecraft:cooked_chicken":2,"minecraft:furnace":2,"minecraft:bone_meal":1,"minecraft:iron_boots":1,"minecraft:iron_axe":1,"minecraft:stone_pickaxe":1,"minecraft:chest":6,"minecraft:dark_oak_planks":1,"minecraft:gray_bed":1,"minecraft:cooked_beef":17,"minecraft:cooked_porkchop":8,"minecraft:crafting_table":2,"minecraft:iron_helmet":1,"minecraft:wooden_pickaxe":2,"minecraft:iron_sword":1,"minecraft:birch_planks":2,"minecraft:campfire":1,"minecraft:air":174,"minecraft:shield":1,"minecraft:iron_ingot":21,"minecraft:iron_pickaxe":2,"minecraft:wooden_axe":1,"minecraft:torch":20},"minecraft:mined":{"minecraft:mossy_cobblestone":3,"minecraft:cobblestone_stairs":2,"meds_and_herbs:plantago":3,"minecraft:grass_block":1,"minecraft:brown_wool":1,"minecraft:magma_block":2,"minecraft:iron_ore":38,"minecraft:fire":4,"werewolves:wolfsbane":1,"minecraft:flowering_azalea_leaves":1,"minecraft:dirt_path":4,"minecraft:lantern":2,"minecraft:black_candle":1,"minecraft:azalea_leaves":1,"minecraft:stone":313,"vampirism:tent_main":2,"minecraft:crafting_table":2,"minecraft:emerald_ore":6,"minecraft:chest":2,"minecraft:rose_bush":2,"minecraft:campfire":1,"minecraft:cobblestone":9,"minecraft:tall_grass":1,"minecraft:oak_planks":4,"minecraft:gray_wool":7,"graveyard:oak_coffin":1,"k_turrets:titanium_ore":10,"minecraft:grass":7,"minecraft:coal_ore":111,"minecraft:end_rod":1,"minecraft:dirt":1,"minecraft:cracked_stone_bricks":8,"minecraft:stone_bricks":7,"minecraft:netherrack":20}},"DataVersion":3465}