{"stats":{"minecraft:crafted":{"minecraft:crafting_table":3,"minecraft:stick":8,"minecraft:stone_pickaxe":1,"minecraft:wooden_axe":1,"minecraft:stone_axe":1,"minecraft:air":43,"minecraft:jungle_planks":14},"minecraft:picked_up":{"minecraft:fishing_rod":1,"minecraft:cocoa_beans":1,"minecraft:stick":2,"minecraft:crafting_table":1,"minecraft:jungle_log":12,"minecraft:gravel":5,"minecraft:dirt":17,"minecraft:string":1,"immersiveengineering:seed":2,"minecraft:rotten_flesh":4,"minecraft:kelp":20,"mysticalagriculture:inferium_essence":1,"minecraft:wheat_seeds":1,"minecraft:jungle_sapling":1,"minecraft:cobblestone":27},"minecraft:killed_by":{"mowziesmobs:naga":2,"minecraft:creeper":1,"born_in_chaos_v1:corpse_fish":1},"minecraft:custom":{"minecraft:time_since_rest":4073,"lootr:looted_stat":1,"minecraft:sprint_one_cm":78698,"minecraft:damage_taken":1745,"minecraft:walk_one_cm":81753,"minecraft:damage_absorbed":80,"minecraft:mob_kills":3,"minecraft:damage_dealt":527,"minecraft:swim_one_cm":2195,"minecraft:interact_with_crafting_table":6,"minecraft:fly_one_cm":99961,"minecraft:crouch_one_cm":1887,"minecraft:play_time":17857,"tombstone:undead_killed":1,"minecraft:deaths":4,"minecraft:sneak_time":766,"minecraft:walk_under_water_one_cm":27155,"minecraft:jump":253,"minecraft:time_since_death":4537,"minecraft:walk_on_water_one_cm":25330,"minecraft:climb_one_cm":136,"minecraft:total_world_time":17857,"minecraft:fall_one_cm":3182},"minecraft:mined":{"minecraft:kelp_plant":1,"minecraft:crafting_table":1,"minecraft:grass":12,"minecraft:grass_block":4,"minecraft:vine":7,"minecraft:jungle_log":12,"minecraft:gravel":3,"minecraft:dirt":13,"minecraft:cobblestone":5,"minecraft:stone":11,"minecraft:kelp":10,"minecraft:fern":3},"minecraft:used":{"minecraft:wooden_axe":6,"minecraft:stone_pickaxe":32,"minecraft:jungle_log":1,"minecraft:stone_axe":1,"minecraft:cobblestone":5,"minecraft:golden_apple":2,"minecraft:golden_hoe":11,"minecraft:dirt":6,"minecraft:crafting_table":4,"tombstone:gift":2},"minecraft:killed":{"born_in_chaos_v1:zombie_fisherman":1,"naturalist:rattlesnake":1,"minecraft:spider":1}},"DataVersion":3120}