{"stats":{"minecraft:crafted":{"minecraft:crafting_table":3,"minecraft:furnace":2,"minecraft:stone_axe":1,"minecraft:air":43,"minecraft:jungle_planks":14,"minecraft:stick":16,"minecraft:stone_pickaxe":2,"minecraft:wooden_axe":1,"minecraft:torch":8},"minecraft:picked_up":{"minecraft:fishing_rod":1,"minecraft:cocoa_beans":1,"minecraft:wheat":2,"minecraft:crafting_table":1,"minecraft:chainmail_boots":1,"minecraft:jungle_log":12,"minecraft:oak_log":21,"minecraft:chainmail_chestplate":1,"minecraft:string":1,"minecraft:dirt":20,"minecraft:raw_copper":17,"minecraft:kelp":20,"minecraft:bow":1,"minecraft:wheat_seeds":6,"mysticalagriculture:inferium_essence":8,"minecraft:jungle_sapling":1,"minecraft:stick":4,"minecraft:raw_iron":1,"minecraft:torch":3,"minecraft:dandelion":1,"minecraft:gravel":9,"minecraft:arrow":47,"minecraft:rotten_flesh":4,"minecraft:cooked_cod":11,"immersiveengineering:seed":4,"minecraft:chainmail_leggings":1,"thermal:rubberwood_log":12,"minecraft:oak_sapling":3,"minecraft:coal":11,"minecraft:cobblestone":208},"minecraft:broken":{"minecraft:stone_pickaxe":1},"minecraft:killed_by":{"mowziesmobs:naga":2,"minecraft:silverfish":1,"minecraft:creeper":1,"born_in_chaos_v1:corpse_fish":1},"minecraft:custom":{"lootr:looted_stat":1,"minecraft:interact_with_furnace":3,"minecraft:mob_kills":5,"minecraft:interact_with_crafting_table":10,"minecraft:leave_game":1,"minecraft:time_since_death":69149,"minecraft:climb_one_cm":136,"minecraft:time_since_rest":68905,"minecraft:sprint_one_cm":179600,"minecraft:damage_absorbed":80,"minecraft:damage_taken":2020,"minecraft:walk_one_cm":547458,"minecraft:damage_dealt":758,"minecraft:swim_one_cm":11268,"minecraft:fly_one_cm":354737,"minecraft:open_chest":4,"minecraft:crouch_one_cm":52306,"minecraft:play_time":91775,"tombstone:undead_killed":1,"minecraft:deaths":5,"minecraft:sneak_time":8777,"minecraft:walk_under_water_one_cm":59302,"minecraft:jump":621,"minecraft:walk_on_water_one_cm":52492,"minecraft:total_world_time":91775,"minecraft:fall_one_cm":5787},"minecraft:mined":{"minecraft:kelp_plant":1,"minecraft:crafting_table":1,"minecraft:grass_block":5,"minecraft:jungle_log":12,"thermal:rubberwood_log":12,"minecraft:copper_ore":7,"minecraft:cobblestone":24,"minecraft:kelp":10,"mysticalagriculture:inferium_ore":3,"minecraft:iron_ore":1,"minecraft:ice":2,"minecraft:grass":14,"minecraft:coal_ore":11,"minecraft:oak_log":21,"minecraft:vine":7,"minecraft:gravel":6,"minecraft:dirt":15,"minecraft:stone":175,"minecraft:oak_leaves":3,"minecraft:fern":3,"minecraft:infested_stone":1},"minecraft:used":{"minecraft:acacia_log":140,"mysticalagriculture:supremium_furnace":2,"minecraft:stone_pickaxe":254,"minecraft:tinted_glass":10,"minecraft:sandstone":111,"minecraft:oak_leaves":83,"minecraft:torch":44,"minecraft:golden_apple":2,"minecraft:golden_hoe":11,"minecraft:dirt":6,"cataclysm:amethyst_crab_spawn_egg":5,"minecraft:crafting_table":4,"minecraft:sponge":7,"minecraft:glass":31,"minecraft:wooden_axe":6,"minecraft:red_sandstone":441,"minecraft:grass_block":411,"minecraft:jungle_log":1,"minecraft:stone_bricks":818,"minecraft:stone_axe":39,"minecraft:cobblestone":120,"minecraft:black_stained_glass":38,"minecraft:furnace":2,"tombstone:gift":2,"minecraft:acacia_planks":182},"minecraft:killed":{"naturalist:rattlesnake":1,"minecraft:spider":1,"born_in_chaos_v1:zombie_fisherman":1,"minecraft:silverfish":2}},"DataVersion":3120}