{"stats":{"minecraft:mined":{"butchersdelight:deadsheepblock":2,"minecraft:grass_block":664,"create:ochrum":3,"minecraft:jungle_log":13,"thermal:rubberwood_log":12,"minecraft:coal_block":1,"quark:acacia_chest":1,"minecraft:kelp":10,"butchersdelight:deadpigblock":1,"minecraft:oxeye_daisy":1,"mysticalagriculture:inferium_ore":11,"minecraft:spawner":1,"minecraft:iron_ore":1,"minecraft:fire":2,"minecraft:gold_block":1,"minecraft:dirt_path":1,"minecraft:cobblestone_slab":4,"minecraft:vine":7,"minecraft:light_gray_concrete":2,"minecraft:stone":463,"immersiveengineering:ore_aluminum":2,"minecraft:redstone_block":1,"mysticalagriculture:supremium_furnace":2,"minecraft:kelp_plant":1,"minecraft:cornflower":1,"minecraft:torch":6,"minecraft:chiseled_quartz_block":4,"minecraft:crafting_table":1,"minecraft:note_block":2,"minecraft:stone_slab":4,"minecraft:tall_grass":5,"minecraft:copper_ore":15,"minecraft:cobblestone":55,"minecraft:lapis_ore":4,"minecraft:diorite":5,"minecraft:wall_torch":1,"minecraft:ice":2,"minecraft:birch_leaves":2,"minecraft:grass":117,"minecraft:oak_log":21,"minecraft:coal_ore":22,"minecraft:gravel":6,"minecraft:smooth_quartz":3,"minecraft:dirt":231,"botania:gray_mystical_flower":1,"minecraft:acacia_planks":15,"born_in_chaos_v1:infernal_evil_pumpkin_s":1,"minecraft:oak_leaves":4,"minecraft:fern":4,"minecraft:infested_stone":1},"minecraft:killed":{"naturalist:rattlesnake":1,"minecraft:spider":3,"minecraft:silverfish":2,"born_in_chaos_v1:barrel_zombie":1,"spore:inf_player":2,"minecraft:creeper":1,"minecraft:sheep":1,"born_in_chaos_v1:zombie_fisherman":1,"spore:inf_human":2,"spore:inf_husk":1},"minecraft:dropped":{"minecraft:dirt":1,"minecraft:smooth_quartz":3,"farmersdelight:cabbage_seeds":4,"minecraft:pumpkin_seeds":8,"minecraft:wooden_pickaxe":1},"minecraft:used":{"minecraft:acacia_log":140,"mysticalagriculture:supremium_furnace":4,"minecraft:tinted_glass":10,"minecraft:torch":65,"minecraft:dirt":319,"cataclysm:amethyst_crab_spawn_egg":5,"minecraft:glass":31,"minecraft:wooden_axe":6,"minecraft:grass_block":413,"minecraft:jungle_log":1,"minecraft:stone_bricks":819,"minecraft:black_stained_glass":38,"minecraft:furnace":5,"tombstone:gift":4,"minecraft:gold_block":1,"minecraft:egg":2,"minecraft:acacia_planks":206,"farmersdelight:iron_knife":5,"minecraft:water_bucket":21,"minecraft:stone_pickaxe":254,"minecraft:wooden_pickaxe":29,"minecraft:sandstone":111,"minecraft:diamond_axe":40,"minecraft:oak_leaves":83,"minecraft:golden_apple":2,"minecraft:glow_berries":6,"minecraft:golden_hoe":11,"minecraft:crafting_table":7,"quark:acacia_chest":15,"minecraft:sponge":7,"tombstone:bag_of_seeds":2,"minecraft:diamond_pickaxe":345,"minecraft:red_sandstone":445,"minecraft:diamond_shovel":895,"minecraft:iron_pickaxe":60,"minecraft:gravel":1,"farmersdelight:ham":1,"minecraft:stone_axe":39,"minecraft:diamond_sword":39,"minecraft:cobblestone":278,"minecraft:cooked_porkchop":2,"minecraft:bucket":22},"minecraft:crafted":{"minecraft:coal":1,"minecraft:furnace":5,"minecraft:stone":336,"minecraft:diamond_shovel":2,"minecraft:cooked_mutton":2,"minecraft:diamond_block":41,"quark:acacia_chest":14,"minecraft:diamond":541,"minecraft:diamond_helmet":2,"minecraft:diamond_leggings":2,"minecraft:stone_pickaxe":2,"minecraft:diamond_boots":1,"minecraft:stone_bricks":204,"minecraft:diamond_sword":1,"minecraft:cooked_porkchop":4,"minecraft:diamond_axe":1,"minecraft:crafting_table":6,"farmersdelight:iron_knife":2,"minecraft:wooden_pickaxe":1,"minecraft:bucket":1,"minecraft:stone_axe":1,"minecraft:air":61,"minecraft:jungle_planks":15,"minecraft:diamond_pickaxe":2,"minecraft:stick":16,"minecraft:iron_pickaxe":1,"minecraft:wooden_axe":1,"minecraft:acacia_planks":1,"minecraft:torch":24,"minecraft:diamond_chestplate":1},"minecraft:killed_by":{"mowziesmobs:naga":5,"spore:slasher":1,"spore:busser":4,"minecraft:creeper":3,"born_in_chaos_v1:zombie_bruiser":1,"spore:usurper":2,"spore:inf_pillager":1,"spore:inf_player":1,"minecraft:silverfish":1,"spore:inf_villager":1,"minecraft:skeleton":1,"spore:wave":2,"born_in_chaos_v1:corpse_fish":1,"spore:stalker":1,"spore:wendigo":1,"spore:umarmed":1,"spore:leaper":1},"minecraft:broken":{"minecraft:stone_pickaxe":1},"minecraft:custom":{"lootr:looted_stat":6,"minecraft:mob_kills":15,"minecraft:interact_with_crafting_table":41,"minecraft:open_barrel":3,"minecraft:leave_game":2,"minecraft:time_since_death":66485,"minecraft:climb_one_cm":24678,"minecraft:sprint_one_cm":896277,"minecraft:walk_one_cm":1551898,"minecraft:drop":9,"minecraft:play_noteblock":10,"minecraft:play_time":255718,"minecraft:sneak_time":11749,"minecraft:deaths":28,"minecraft:walk_under_water_one_cm":99323,"minecraft:jump":2127,"minecraft:walk_on_water_one_cm":110213,"minecraft:total_world_time":255718,"minecraft:interact_with_furnace":38,"minecraft:tune_noteblock":3,"minecraft:interact_with_cartography_table":1,"minecraft:interact_with_stonecutter":1,"minecraft:time_since_rest":65783,"minecraft:damage_taken":9339,"minecraft:damage_absorbed":80,"minecraft:damage_dealt":4700,"minecraft:swim_one_cm":36925,"minecraft:fly_one_cm":802766,"minecraft:open_chest":60,"minecraft:crouch_one_cm":67033,"tombstone:undead_killed":2,"minecraft:fall_one_cm":27406},"minecraft:picked_up":{"minecraft:fishing_rod":1,"minecraft:cocoa_beans":1,"minecraft:crafting_table":1,"minecraft:wheat":2,"minecraft:azure_bluet":1,"minecraft:chainmail_boots":1,"minecraft:gold_block":1,"minecraft:cornflower":4,"minecraft:string":2,"minecraft:raw_copper":48,"mysticalagriculture:supremium_furnace":2,"minecraft:diamond_leggings":1,"mysticalagriculture:inferium_essence":39,"minecraft:jungle_sapling":1,"minecraft:poppy":3,"minecraft:smooth_quartz":3,"minecraft:coal_block":1,"farmersdelight:cabbage_seeds":5,"minecraft:egg":3,"minecraft:stick":4,"minecraft:raw_iron":1,"minecraft:torch":11,"minecraft:acacia_log":1,"minecraft:porkchop":6,"farmersdelight:tomato_seeds":2,"minecraft:diorite":5,"minecraft:arrow":50,"butchersdelight:deadsheep":5,"quark:clear_shard":5,"minecraft:rotten_flesh":7,"minecraft:cooked_cod":11,"quark:acacia_chest":1,"create:ochrum":1,"minecraft:mutton":7,"minecraft:iron_bars":31,"minecraft:white_wool":2,"minecraft:cobblestone":516,"minecraft:oxeye_daisy":3,"born_in_chaos_v1:corpse_maggot":5,"minecraft:jungle_log":12,"minecraft:leather":1,"paraglider:spirit_orb":2,"butchersdelight:deadpig":2,"minecraft:oak_log":21,"minecraft:chainmail_chestplate":1,"minecraft:gunpowder":1,"minecraft:lapis_lazuli":26,"minecraft:dirt":848,"minecraft:bone":8,"minecraft:acacia_planks":19,"minecraft:kelp":20,"minecraft:bow":1,"minecraft:red_sandstone":4,"minecraft:wheat_seeds":39,"spore:mutated_fiber":3,"botania:gray_mystical_flower":6,"spore:armor_fragment":7,"minecraft:dandelion":10,"minecraft:gravel":10,"minecraft:grass_block":1,"farmersdelight:ham":2,"mowziesmobs:naga_fang":3,"minecraft:pumpkin_seeds":12,"butchersdelight:sheephide":3,"minecraft:slime_ball":2,"minecraft:diamond":8,"immersiveengineering:seed":27,"minecraft:chainmail_leggings":1,"thermal:rubberwood_log":12,"minecraft:oak_sapling":3,"minecraft:coal":50}},"DataVersion":3120}