{"stats":{"minecraft:mined":{"butchersdelight:deadsheepblock":2,"minecraft:grass_block":13,"create:ochrum":3,"minecraft:jungle_log":13,"thermal:rubberwood_log":12,"minecraft:kelp":10,"butchersdelight:deadpigblock":1,"mysticalagriculture:inferium_ore":11,"minecraft:spawner":1,"minecraft:iron_ore":1,"minecraft:gold_block":1,"minecraft:vine":7,"minecraft:light_gray_concrete":2,"minecraft:stone":381,"minecraft:redstone_block":1,"mysticalagriculture:supremium_furnace":2,"minecraft:kelp_plant":1,"minecraft:crafting_table":1,"minecraft:tall_grass":1,"minecraft:copper_ore":15,"minecraft:cobblestone":46,"minecraft:lapis_ore":4,"minecraft:diorite":5,"minecraft:ice":2,"minecraft:grass":22,"minecraft:oak_log":21,"minecraft:coal_ore":11,"minecraft:gravel":6,"minecraft:smooth_quartz":3,"minecraft:dirt":40,"minecraft:acacia_planks":1,"minecraft:oak_leaves":3,"minecraft:fern":4,"minecraft:infested_stone":1},"minecraft:killed":{"naturalist:rattlesnake":1,"minecraft:spider":3,"minecraft:silverfish":2,"born_in_chaos_v1:barrel_zombie":1,"spore:inf_player":2,"minecraft:creeper":1,"minecraft:sheep":1,"born_in_chaos_v1:zombie_fisherman":1,"spore:inf_human":2,"spore:inf_husk":1},"minecraft:used":{"minecraft:acacia_log":140,"mysticalagriculture:supremium_furnace":2,"minecraft:tinted_glass":10,"minecraft:torch":49,"minecraft:dirt":8,"cataclysm:amethyst_crab_spawn_egg":5,"minecraft:glass":31,"minecraft:wooden_axe":6,"minecraft:grass_block":413,"minecraft:jungle_log":1,"minecraft:stone_bricks":819,"minecraft:black_stained_glass":38,"minecraft:furnace":2,"tombstone:gift":4,"minecraft:gold_block":1,"minecraft:acacia_planks":192,"minecraft:stone_pickaxe":254,"minecraft:wooden_pickaxe":29,"minecraft:sandstone":111,"minecraft:diamond_axe":17,"minecraft:oak_leaves":83,"minecraft:golden_apple":2,"minecraft:glow_berries":6,"minecraft:golden_hoe":11,"minecraft:crafting_table":6,"minecraft:sponge":7,"minecraft:diamond_pickaxe":288,"minecraft:red_sandstone":445,"minecraft:gravel":1,"farmersdelight:ham":1,"minecraft:stone_axe":39,"minecraft:diamond_sword":39,"minecraft:cobblestone":278,"minecraft:cooked_porkchop":2},"minecraft:crafted":{"minecraft:furnace":2,"minecraft:stone":333,"minecraft:diamond_block":41,"minecraft:diamond":532,"minecraft:diamond_helmet":2,"minecraft:diamond_leggings":1,"minecraft:stone_pickaxe":2,"minecraft:diamond_boots":1,"minecraft:stone_bricks":204,"minecraft:diamond_sword":1,"minecraft:cooked_porkchop":4,"minecraft:diamond_axe":1,"minecraft:crafting_table":5,"farmersdelight:iron_knife":1,"minecraft:wooden_pickaxe":1,"minecraft:stone_axe":1,"minecraft:air":52,"minecraft:jungle_planks":15,"minecraft:diamond_pickaxe":1,"minecraft:stick":16,"minecraft:wooden_axe":1,"minecraft:acacia_planks":1,"minecraft:torch":12,"minecraft:diamond_chestplate":1},"minecraft:killed_by":{"mowziesmobs:naga":5,"spore:slasher":1,"spore:busser":4,"minecraft:creeper":3,"born_in_chaos_v1:zombie_bruiser":1,"spore:usurper":2,"spore:inf_pillager":1,"spore:inf_player":1,"minecraft:silverfish":1,"spore:inf_villager":1,"minecraft:skeleton":1,"spore:wave":2,"born_in_chaos_v1:corpse_fish":1,"spore:stalker":1,"spore:wendigo":1,"spore:umarmed":1,"spore:leaper":1},"minecraft:broken":{"minecraft:stone_pickaxe":1},"minecraft:custom":{"lootr:looted_stat":5,"minecraft:mob_kills":15,"minecraft:interact_with_crafting_table":28,"minecraft:open_barrel":3,"minecraft:leave_game":2,"minecraft:time_since_death":12485,"minecraft:climb_one_cm":24466,"minecraft:sprint_one_cm":588618,"minecraft:walk_one_cm":1173570,"minecraft:play_time":201718,"minecraft:sneak_time":10708,"minecraft:deaths":28,"minecraft:walk_under_water_one_cm":98340,"minecraft:jump":1558,"minecraft:walk_on_water_one_cm":103486,"minecraft:total_world_time":201718,"minecraft:interact_with_furnace":24,"minecraft:interact_with_cartography_table":1,"minecraft:time_since_rest":11783,"minecraft:damage_taken":9266,"minecraft:damage_absorbed":80,"minecraft:damage_dealt":4700,"minecraft:swim_one_cm":32573,"minecraft:fly_one_cm":608945,"minecraft:open_chest":30,"minecraft:crouch_one_cm":63337,"tombstone:undead_killed":2,"minecraft:fall_one_cm":18916},"minecraft:picked_up":{"minecraft:fishing_rod":1,"minecraft:cocoa_beans":1,"minecraft:crafting_table":1,"minecraft:wheat":2,"minecraft:chainmail_boots":1,"minecraft:gold_block":1,"minecraft:string":2,"minecraft:raw_copper":48,"mysticalagriculture:supremium_furnace":2,"minecraft:diamond_leggings":1,"mysticalagriculture:inferium_essence":39,"minecraft:jungle_sapling":1,"minecraft:smooth_quartz":3,"minecraft:stick":4,"minecraft:raw_iron":1,"minecraft:torch":3,"minecraft:acacia_log":1,"minecraft:porkchop":6,"minecraft:diorite":5,"minecraft:arrow":50,"butchersdelight:deadsheep":3,"quark:clear_shard":5,"minecraft:rotten_flesh":7,"minecraft:cooked_cod":11,"create:ochrum":1,"minecraft:mutton":5,"minecraft:iron_bars":31,"minecraft:cobblestone":434,"born_in_chaos_v1:corpse_maggot":5,"minecraft:jungle_log":12,"minecraft:leather":1,"paraglider:spirit_orb":2,"butchersdelight:deadpig":2,"minecraft:oak_log":21,"minecraft:chainmail_chestplate":1,"minecraft:gunpowder":1,"minecraft:lapis_lazuli":26,"minecraft:dirt":43,"minecraft:bone":8,"minecraft:acacia_planks":5,"minecraft:kelp":20,"minecraft:bow":1,"minecraft:red_sandstone":4,"minecraft:wheat_seeds":6,"spore:mutated_fiber":3,"spore:armor_fragment":7,"minecraft:dandelion":1,"minecraft:gravel":10,"minecraft:grass_block":1,"farmersdelight:ham":2,"mowziesmobs:naga_fang":3,"butchersdelight:sheephide":1,"minecraft:slime_ball":2,"minecraft:diamond":8,"immersiveengineering:seed":4,"minecraft:chainmail_leggings":1,"thermal:rubberwood_log":12,"minecraft:oak_sapling":3,"minecraft:coal":39}},"DataVersion":3120}