{"stats":{"minecraft:broken":{"minecraft:stone_pickaxe":1},"minecraft:crafted":{"minecraft:crafting_table":3,"minecraft:stick":16,"minecraft:stone_pickaxe":2,"minecraft:wooden_axe":1,"minecraft:furnace":2,"minecraft:torch":8,"minecraft:stone_axe":1,"minecraft:air":43,"minecraft:jungle_planks":14},"minecraft:picked_up":{"minecraft:fishing_rod":1,"minecraft:raw_iron":1,"minecraft:cocoa_beans":1,"minecraft:stick":2,"minecraft:crafting_table":1,"minecraft:jungle_log":12,"minecraft:gravel":9,"minecraft:dirt":20,"minecraft:string":1,"minecraft:raw_copper":17,"immersiveengineering:seed":2,"minecraft:rotten_flesh":4,"minecraft:kelp":20,"mysticalagriculture:inferium_essence":8,"minecraft:wheat_seeds":1,"minecraft:jungle_sapling":1,"minecraft:coal":8,"minecraft:cobblestone":207},"minecraft:killed_by":{"mowziesmobs:naga":2,"minecraft:silverfish":1,"minecraft:creeper":1,"born_in_chaos_v1:corpse_fish":1},"minecraft:custom":{"minecraft:interact_with_furnace":3,"minecraft:time_since_rest":6987,"lootr:looted_stat":1,"minecraft:sprint_one_cm":99998,"minecraft:damage_taken":2000,"minecraft:walk_one_cm":153198,"minecraft:damage_absorbed":80,"minecraft:mob_kills":5,"minecraft:damage_dealt":758,"minecraft:swim_one_cm":2195,"minecraft:interact_with_crafting_table":9,"minecraft:fly_one_cm":121429,"minecraft:crouch_one_cm":6093,"minecraft:play_time":29857,"tombstone:undead_killed":1,"minecraft:deaths":5,"minecraft:sneak_time":1616,"minecraft:walk_under_water_one_cm":38518,"minecraft:jump":362,"minecraft:time_since_death":7231,"minecraft:walk_on_water_one_cm":34933,"minecraft:climb_one_cm":136,"minecraft:total_world_time":29857,"minecraft:fall_one_cm":4885},"minecraft:mined":{"minecraft:kelp_plant":1,"minecraft:iron_ore":1,"minecraft:ice":2,"minecraft:crafting_table":1,"minecraft:coal_ore":8,"minecraft:grass":12,"minecraft:grass_block":5,"minecraft:vine":7,"minecraft:jungle_log":12,"minecraft:gravel":6,"minecraft:dirt":15,"minecraft:copper_ore":7,"minecraft:cobblestone":24,"minecraft:stone":174,"minecraft:kelp":10,"mysticalagriculture:inferium_ore":3,"minecraft:infested_stone":1,"minecraft:fern":3},"minecraft:used":{"minecraft:wooden_axe":6,"minecraft:stone_pickaxe":248,"minecraft:jungle_log":1,"minecraft:torch":1,"minecraft:stone_axe":1,"minecraft:cobblestone":29,"minecraft:golden_apple":2,"minecraft:golden_hoe":11,"minecraft:dirt":6,"minecraft:crafting_table":4,"minecraft:furnace":2,"tombstone:gift":2},"minecraft:killed":{"born_in_chaos_v1:zombie_fisherman":1,"naturalist:rattlesnake":1,"minecraft:silverfish":2,"minecraft:spider":1}},"DataVersion":3120}