{"stats":{"minecraft:crafted":{"minecraft:crafting_table":1,"minecraft:air":5,"minecraft:jungle_planks":1},"minecraft:picked_up":{"minecraft:jungle_log":1,"minecraft:kelp":8,"minecraft:dirt":16},"minecraft:killed_by":{"mowziesmobs:naga":1},"minecraft:custom":{"minecraft:time_since_rest":1,"lootr:looted_stat":1,"minecraft:crouch_one_cm":503,"minecraft:play_time":5857,"minecraft:sprint_one_cm":53199,"minecraft:walk_one_cm":18426,"minecraft:damage_taken":230,"minecraft:deaths":1,"minecraft:sneak_time":209,"minecraft:walk_under_water_one_cm":6936,"minecraft:jump":112,"minecraft:walk_on_water_one_cm":10353,"minecraft:time_since_death":1695,"minecraft:total_world_time":5857,"minecraft:climb_one_cm":136,"minecraft:fall_one_cm":1380,"minecraft:fly_one_cm":48710},"minecraft:used":{"minecraft:dirt":6,"minecraft:crafting_table":1},"minecraft:mined":{"minecraft:grass_block":3,"minecraft:jungle_log":1,"minecraft:dirt":13}},"DataVersion":3120}