{"stats":{"minecraft:crafted":{"minecraft:crafting_table":1,"minecraft:stick":8,"minecraft:stone_pickaxe":1,"minecraft:wooden_pickaxe":1,"minecraft:stone_sword":1,"minecraft:stone_axe":1,"minecraft:air":17,"minecraft:jungle_planks":16},"minecraft:used":{"minecraft:stone_sword":9,"minecraft:stone_pickaxe":12,"minecraft:wooden_pickaxe":42,"minecraft:torch":4,"minecraft:dirt":29,"minecraft:crafting_table":2,"tombstone:gift":2},"minecraft:killed_by":{"mowziesmobs:naga":1,"spore:busser":1,"minecraft:creeper":1},"minecraft:picked_up":{"minecraft:cocoa_beans":3,"minecraft:stick":3,"minecraft:crafting_table":1,"spore:cerebrum":2,"minecraft:jungle_log":7,"minecraft:torch":4,"minecraft:grass_block":1,"butchersdelight:goat_fur":1,"minecraft:dirt":34,"mowziesmobs:naga_fang":2,"minecraft:arrow":2,"minecraft:bone":1,"immersiveengineering:seed":1,"minecraft:wheat_seeds":2,"mysticalagriculture:inferium_essence":2,"minecraft:glowstone_dust":2,"minecraft:coal":2,"minecraft:cobblestone":29},"minecraft:mined":{"minecraft:crafting_table":1,"minecraft:torch":4,"minecraft:grass":7,"minecraft:coal_ore":6,"minecraft:grass_block":2,"minecraft:cocoa":1,"minecraft:vine":1,"minecraft:jungle_log":7,"minecraft:dirt":15,"minecraft:stone":28,"minecraft:fern":1},"minecraft:custom":{"minecraft:time_since_rest":757,"minecraft:sprint_one_cm":42665,"minecraft:damage_taken":895,"minecraft:walk_one_cm":59007,"tombstone:sneak_grave":1,"minecraft:mob_kills":1,"minecraft:damage_dealt":514,"minecraft:interact_with_crafting_table":5,"minecraft:swim_one_cm":793,"minecraft:fly_one_cm":45882,"minecraft:crouch_one_cm":5512,"minecraft:play_time":17295,"minecraft:deaths":3,"minecraft:sneak_time":1494,"minecraft:walk_under_water_one_cm":616,"minecraft:jump":131,"minecraft:walk_on_water_one_cm":6638,"minecraft:time_since_death":1185,"minecraft:climb_one_cm":210,"minecraft:total_world_time":17295,"minecraft:fall_one_cm":1240},"minecraft:broken":{"minecraft:wooden_pickaxe":1},"minecraft:killed":{"spore:inf_witch":1}},"DataVersion":3120}