{"stats":{"minecraft:crafted":{"minecraft:crafting_table":2,"minecraft:wooden_pickaxe":1,"eatanomelette:omelette":1,"minecraft:furnace":1,"minecraft:stone_axe":1,"minecraft:air":34,"minecraft:jungle_planks":16,"minecraft:iron_chestplate":1,"minecraft:stick":32,"minecraft:iron_ingot":12,"minecraft:iron_pickaxe":1,"minecraft:stone_pickaxe":4,"minecraft:stone_sword":1,"minecraft:torch":44},"minecraft:used":{"minecraft:stone_sword":62,"minecraft:stone_pickaxe":422,"minecraft:wooden_pickaxe":42,"minecraft:rotten_flesh":2,"minecraft:torch":43,"minecraft:dirt":87,"minecraft:crafting_table":6,"born_in_chaos_v1:corpse_maggot":1,"eatanomelette:omelette":1,"minecraft:stone_axe":15,"minecraft:cobblestone":15,"minecraft:furnace":2,"tombstone:gift":4,"minecraft:cobbled_deepslate":3},"minecraft:killed_by":{"mowziesmobs:naga":1,"spore:busser":1,"minecraft:creeper":1,"born_in_chaos_v1:corpse_fish":1,"hmag:creeper_girl":1},"minecraft:picked_up":{"born_in_chaos_v1:corpse_maggot":1,"minecraft:cocoa_beans":3,"minecraft:crafting_table":4,"minecraft:jungle_log":7,"minecraft:tuff":5,"butchersdelight:goat_fur":2,"minecraft:dirt":99,"minecraft:raw_copper":5,"minecraft:bone":3,"thermal:sulfur":8,"mysticalagriculture:inferium_essence":7,"minecraft:wheat_seeds":6,"minecraft:cobbled_deepslate":3,"minecraft:glowstone_dust":2,"minecraft:furnace":1,"minecraft:egg":1,"minecraft:stick":3,"thermal:raw_tin":2,"minecraft:raw_iron":18,"spore:cerebrum":2,"minecraft:torch":11,"minecraft:gravel":64,"quark:blossom_log":10,"minecraft:grass_block":1,"minecraft:stone_sword":1,"mowziesmobs:naga_fang":2,"minecraft:rotten_flesh":2,"minecraft:arrow":3,"butchersdelight:deadsheep":1,"immersiveengineering:seed":1,"minecraft:granite":44,"minecraft:coal":76,"minecraft:white_wool":1,"minecraft:cobblestone":255},"minecraft:mined":{"minecraft:tuff":5,"thermal:sulfur_ore":2,"thermal:tin_ore":2,"minecraft:crafting_table":4,"minecraft:torch":7,"minecraft:granite":44,"minecraft:grass_block":6,"minecraft:jungle_log":7,"quark:blossom_log":10,"minecraft:tall_grass":2,"minecraft:copper_ore":1,"minecraft:cobblestone":7,"minecraft:wall_torch":1,"mysticalagriculture:inferium_ore":2,"minecraft:furnace":1,"minecraft:iron_ore":8,"minecraft:cobbled_deepslate":1,"minecraft:grass":8,"minecraft:deepslate_iron_ore":10,"minecraft:coal_ore":48,"minecraft:cocoa":1,"minecraft:vine":1,"minecraft:gravel":30,"minecraft:dirt":76,"minecraft:stone":250,"minecraft:deepslate":2,"minecraft:fern":1},"minecraft:custom":{"minecraft:interact_with_furnace":7,"minecraft:mob_kills":11,"minecraft:interact_with_crafting_table":13,"minecraft:time_since_death":29516,"minecraft:climb_one_cm":475,"minecraft:time_since_rest":27571,"minecraft:sprint_one_cm":93173,"minecraft:damage_taken":1595,"minecraft:walk_one_cm":156062,"tombstone:sneak_grave":1,"minecraft:drop":5,"minecraft:damage_dealt":2017,"minecraft:swim_one_cm":25968,"minecraft:fly_one_cm":150861,"minecraft:crouch_one_cm":7428,"tombstone:undead_killed":4,"minecraft:play_time":53295,"minecraft:deaths":5,"minecraft:sneak_time":2396,"minecraft:walk_under_water_one_cm":12542,"minecraft:jump":556,"minecraft:walk_on_water_one_cm":26575,"minecraft:total_world_time":53295,"minecraft:fall_one_cm":2742},"minecraft:dropped":{"butchersdelight:goat_fur":1,"minecraft:gravel":32,"minecraft:wheat_seeds":3},"minecraft:broken":{"minecraft:stone_pickaxe":3,"minecraft:wooden_pickaxe":1},"minecraft:killed":{"hmag:creeper_girl":1,"hmag:skeleton_girl":1,"born_in_chaos_v1:decrepit_skeleton":1,"born_in_chaos_v1:maggot":1,"minecraft:sheep":1,"minecraft:zombie":2,"born_in_chaos_v1:corpse_fly":3,"spore:inf_witch":1}},"DataVersion":3120}