{"stats":{"minecraft:used":{"minecraft:torch":1},"minecraft:killed_by":{"spore:busser":1},"minecraft:picked_up":{"minecraft:arrow":1,"minecraft:torch":2,"mysticalagriculture:inferium_essence":1,"minecraft:grass_block":1,"butchersdelight:goat_fur":1},"minecraft:mined":{"minecraft:torch":2},"minecraft:custom":{"minecraft:time_since_rest":2939,"minecraft:crouch_one_cm":196,"minecraft:walk_one_cm":24392,"minecraft:play_time":5295,"minecraft:sprint_one_cm":21549,"minecraft:damage_taken":270,"minecraft:deaths":1,"minecraft:sneak_time":38,"minecraft:walk_under_water_one_cm":616,"minecraft:jump":59,"minecraft:time_since_death":4216,"minecraft:walk_on_water_one_cm":6638,"minecraft:total_world_time":5295,"minecraft:swim_one_cm":793,"minecraft:interact_with_crafting_table":1,"minecraft:fall_one_cm":209,"minecraft:fly_one_cm":16372}},"DataVersion":3120}