{"stats":{"minecraft:crafted":{"minecraft:stone_shovel":1,"minecraft:furnace":1,"minecraft:bone_meal":18,"quark:blossom_chest":1,"minecraft:bow":1,"minecraft:stone_pickaxe":4,"minecraft:stone_hoe":1,"minecraft:golden_sword":1,"quark:blossom_planks":40,"minecraft:crafting_table":2,"minecraft:wooden_pickaxe":1,"minecraft:iron_helmet":1,"minecraft:iron_sword":1,"eatanomelette:omelette":1,"minecraft:bucket":1,"minecraft:stone_axe":1,"minecraft:air":92,"minecraft:jungle_planks":16,"minecraft:iron_chestplate":1,"minecraft:stick":48,"minecraft:iron_ingot":33,"minecraft:iron_pickaxe":2,"minecraft:stone_sword":1,"minecraft:gold_ingot":3,"minecraft:iron_leggings":1,"minecraft:torch":77},"minecraft:used":{"minecraft:stone_sword":124,"minecraft:stone_shovel":59,"minecraft:iron_sword":232,"minecraft:stone_hoe":1,"minecraft:rotten_flesh":13,"minecraft:torch":144,"minecraft:dirt":116,"minecraft:tuff":18,"born_in_chaos_v1:corpse_maggot":7,"minecraft:lava_bucket":7,"eatanomelette:omelette":1,"minecraft:melon_seeds":1,"quark:blossom_chest":1,"minecraft:golden_sword":32,"minecraft:bow":6,"minecraft:furnace":2,"tombstone:gift":10,"minecraft:cobbled_deepslate":7,"minecraft:stone_pickaxe":422,"minecraft:wooden_pickaxe":42,"minecraft:crafting_table":6,"minecraft:red_bed":1,"minecraft:cod":7,"tombstone:bag_of_seeds":1,"minecraft:apple":3,"born_in_chaos_v1:monster_flesh":2,"minecraft:melon_slice":12,"minecraft:iron_pickaxe":442,"tombstone:grave_key":2,"minecraft:stone_axe":18,"minecraft:cobblestone":213,"minecraft:bucket":8,"minecraft:bone_meal":3},"minecraft:killed_by":{"mowziesmobs:naga":1,"spore:slasher":1,"vampirism:advanced_vampire":1,"spore:busser":3,"minecraft:creeper":2,"born_in_chaos_v1:corpse_fly":1,"hmag:creeper_girl":1,"spore:inf_player":4,"spore:inf_husk":1,"born_in_chaos_v1:corpse_fish":1,"spore:inf_witch":1},"minecraft:picked_up":{"minecraft:cocoa_beans":3,"spore:mutated_heart":17,"minecraft:crafting_table":4,"thermal:raw_silver":1,"minecraft:red_bed":1,"minecraft:raw_copper":5,"thermal:raw_nickel":2,"thermal:sulfur":8,"immersiveengineering:raw_lead":4,"mysticalagriculture:inferium_essence":59,"minecraft:cobbled_deepslate":67,"hmag:bat_wing":17,"minecraft:melon_slice":12,"minecraft:egg":1,"minecraft:furnace":1,"spore:tumor":1,"minecraft:raw_iron":30,"minecraft:stick":3,"minecraft:torch":69,"quark:blossom_log":10,"werewolves:raw_silver":2,"minecraft:diorite":18,"butchersdelight:deadsheep":1,"minecraft:stone_sword":1,"minecraft:arrow":7,"minecraft:rotten_flesh":13,"minecraft:white_wool":1,"minecraft:cobblestone":469,"born_in_chaos_v1:corpse_maggot":7,"born_in_chaos_v1:monster_flesh":2,"minecraft:jungle_log":7,"minecraft:andesite":59,"minecraft:flint":5,"minecraft:tuff":37,"minecraft:gunpowder":8,"butchersdelight:goat_fur":2,"minecraft:dirt":123,"tombstone:gift":1,"born_in_chaos_v1:monster_skin":1,"minecraft:bone":8,"spore:infested_deepslate":2,"minecraft:apple":3,"minecraft:wheat_seeds":6,"minecraft:raw_gold":3,"spore:mutated_fiber":137,"tombstone:bag_of_seeds":1,"minecraft:glowstone_dust":2,"thermal:raw_tin":3,"spore:cerebrum":9,"spore:armor_fragment":4,"minecraft:gravel":143,"minecraft:grass_block":1,"spore:claw_fragment":4,"mowziesmobs:naga_fang":2,"minecraft:bundle":1,"immersiveengineering:seed":1,"minecraft:diamond":1,"minecraft:granite":76,"spore:spine_fragment":1,"minecraft:melon_seeds":1,"minecraft:coal":76},"minecraft:mined":{"minecraft:tuff":37,"spore:wall_growths_big":1,"minecraft:deepslate_diamond_ore":1,"thermal:sulfur_ore":2,"thermal:tin_ore":2,"minecraft:glow_lichen":1,"minecraft:granite":81,"minecraft:grass_block":6,"minecraft:jungle_log":7,"spore:growths_small":1,"mysticalagriculture:inferium_ore":4,"minecraft:furnace":1,"spore:blomfung":1,"minecraft:iron_ore":16,"minecraft:cobbled_deepslate":2,"minecraft:andesite":56,"spore:growth_mycelium":1,"minecraft:vine":1,"minecraft:deepslate_iron_ore":14,"immersiveengineering:ore_lead":4,"minecraft:stone":427,"minecraft:red_bed":1,"spore:growths_big":1,"minecraft:crafting_table":4,"minecraft:torch":16,"minecraft:melon":2,"quark:blossom_log":10,"minecraft:copper_ore":1,"minecraft:tall_grass":2,"minecraft:cobblestone":35,"minecraft:deepslate_gold_ore":3,"minecraft:diorite":13,"minecraft:wall_torch":26,"minecraft:grass":8,"thermal:silver_ore":1,"minecraft:coal_ore":48,"minecraft:cocoa":1,"minecraft:gravel":105,"minecraft:dirt":103,"mysticalagriculture:deepslate_inferium_ore":1,"werewolves:silver_ore":2,"minecraft:deepslate":52,"minecraft:fern":1},"minecraft:custom":{"lootr:looted_stat":2,"minecraft:mob_kills":75,"minecraft:interact_with_crafting_table":34,"minecraft:damage_dealt_resisted":497,"minecraft:time_since_death":14633,"minecraft:climb_one_cm":475,"minecraft:sprint_one_cm":140223,"minecraft:walk_one_cm":596571,"minecraft:drop":29,"minecraft:play_time":179295,"minecraft:deaths":20,"minecraft:sneak_time":12500,"minecraft:walk_under_water_one_cm":12705,"minecraft:jump":1875,"minecraft:walk_on_water_one_cm":41719,"minecraft:total_world_time":179295,"minecraft:interact_with_furnace":22,"minecraft:time_since_rest":13262,"minecraft:damage_taken":7221,"tombstone:sneak_grave":1,"minecraft:damage_dealt":11609,"minecraft:swim_one_cm":25968,"minecraft:fly_one_cm":194744,"minecraft:open_chest":9,"minecraft:crouch_one_cm":51005,"tombstone:undead_killed":13,"minecraft:fall_one_cm":9770},"minecraft:broken":{"minecraft:wooden_pickaxe":1,"minecraft:stone_pickaxe":3,"minecraft:golden_sword":1,"minecraft:iron_pickaxe":1},"minecraft:dropped":{"minecraft:wheat_seeds":3,"mowziesmobs:foliaath_seed":1,"minecraft:cobblestone":129,"minecraft:granite":30,"farmersdelight:rice":1,"minecraft:diorite":12,"minecraft:gravel":96,"butchersdelight:goat_fur":2,"minecraft:cobbled_deepslate":10,"minecraft:tuff":8,"werewolves:raw_silver":1,"minecraft:pumpkin_seeds":3,"minecraft:andesite":39,"mysticalagriculture:inferium_essence":12,"immersiveengineering:seed":1},"minecraft:killed":{"vampirism:vampire":1,"hmag:creeper_girl":1,"hmag:skeleton_girl":2,"born_in_chaos_v1:maggot":4,"minecraft:skeleton":3,"vampirism:blinding_bat":1,"hmag:zombie_girl":1,"spore:inf_player":5,"minecraft:creeper":5,"born_in_chaos_v1:decrepit_skeleton":1,"spore:inf_pillager":7,"minecraft:sheep":1,"spore:inf_villager":4,"spore:inf_human":10,"minecraft:zombie":6,"born_in_chaos_v1:corpse_fly":7,"spore:inf_witch":1,"spore:howler":1,"spore:inf_husk":7}},"DataVersion":3120}