{"stats":{"minecraft:crafted":{"minecraft:oak_planks":6,"minecraft:stone_shovel":1,"minecraft:furnace":1,"minecraft:bone_meal":18,"quark:blossom_chest":2,"minecraft:bow":1,"minecraft:iron_axe":1,"minecraft:stone_pickaxe":4,"minecraft:stone_hoe":1,"minecraft:golden_sword":1,"quark:blossom_planks":40,"minecraft:crafting_table":3,"minecraft:wooden_pickaxe":1,"minecraft:iron_helmet":1,"minecraft:iron_sword":3,"eatanomelette:omelette":1,"minecraft:bucket":1,"minecraft:stone_axe":3,"minecraft:air":188,"minecraft:jungle_planks":16,"minecraft:oak_boat":1,"minecraft:iron_chestplate":1,"minecraft:stick":84,"minecraft:iron_ingot":47,"minecraft:iron_pickaxe":4,"minecraft:stone_sword":2,"minecraft:gold_ingot":3,"minecraft:iron_leggings":1,"minecraft:torch":95},"minecraft:used":{"minecraft:stone_sword":257,"minecraft:stone_shovel":67,"minecraft:iron_sword":755,"minecraft:stone_hoe":15,"minecraft:rotten_flesh":13,"minecraft:torch":240,"minecraft:dirt":118,"minecraft:tuff":18,"born_in_chaos_v1:corpse_maggot":11,"vampirism:item_tent":1,"minecraft:lava_bucket":7,"minecraft:iron_axe":141,"eatanomelette:omelette":1,"evilcraft:box_of_eternal_closure":1,"evilcraft:flesh_humanoid":1,"minecraft:melon_seeds":1,"quark:blossom_chest":2,"minecraft:golden_sword":32,"minecraft:bow":93,"minecraft:furnace":2,"tombstone:gift":12,"minecraft:cobbled_deepslate":7,"epicfight:skillbook":9,"minecraft:water_bucket":16,"minecraft:stone_pickaxe":422,"minecraft:wooden_pickaxe":42,"farmersdelight:onion":2,"minecraft:crafting_table":8,"minecraft:red_bed":1,"minecraft:cod":7,"tombstone:bag_of_seeds":1,"minecraft:apple":4,"minecraft:bread":1,"born_in_chaos_v1:monster_flesh":2,"minecraft:melon_slice":125,"minecraft:iron_pickaxe":805,"tombstone:grave_key":17,"minecraft:stone_axe":96,"minecraft:cobblestone":365,"minecraft:bucket":23,"minecraft:oak_boat":1,"minecraft:bone_meal":3},"minecraft:killed_by":{"mowziesmobs:naga":1,"spore:slasher":1,"vampirism:advanced_vampire":1,"spore:busser":5,"minecraft:creeper":3,"spore:scamper":1,"spore:inf_human":3,"spore:thorn":1,"spore:usurper":4,"born_in_chaos_v1:corpse_fly":1,"hmag:creeper_girl":2,"spore:inf_pillager":1,"spore:inf_player":5,"spore:inf_husk":2,"spore:inf_villager":2,"spore:braiomil":1,"minecraft:skeleton":3,"spore:wave":1,"born_in_chaos_v1:corpse_fish":2,"spore:inf_witch":1,"spore:umarmed":1,"born_in_chaos_v1:dread_hound":1,"werewolves:werewolf_survivalist":1},"minecraft:picked_up":{"minecraft:allium":2,"minecraft:cocoa_beans":3,"spore:mutated_heart":24,"minecraft:crafting_table":6,"minecraft:redstone_block":1,"thermal:raw_silver":1,"minecraft:redstone_lamp":2,"minecraft:stone_slab":4,"minecraft:string":15,"minecraft:red_bed":1,"minecraft:raw_copper":5,"thermal:raw_nickel":2,"born_in_chaos_v1:intoxicating_decoction":1,"minecraft:cracked_stone_bricks":1,"thermal:sulfur":8,"immersiveengineering:raw_lead":4,"mysticalagriculture:inferium_essence":86,"minecraft:cobbled_deepslate":69,"minecraft:spruce_planks":5,"minecraft:beef":1,"hmag:bat_wing":17,"minecraft:oak_boat":1,"minecraft:cobblestone_slab":4,"minecraft:jungle_sapling":1,"minecraft:smooth_quartz":8,"minecraft:spruce_slab":8,"minecraft:melon_slice":126,"minecraft:egg":1,"minecraft:furnace":1,"minecraft:spruce_pressure_plate":1,"spore:tumor":1,"minecraft:raw_iron":41,"minecraft:stick":3,"minecraft:torch":101,"epicfight:skillbook":7,"quark:blossom_log":10,"werewolves:raw_silver":2,"tombstone:grave_dust":14,"minecraft:diorite":20,"butchersdelight:deadsheep":1,"minecraft:stone_sword":1,"minecraft:arrow":78,"minecraft:rotten_flesh":25,"farmersdelight:onion":1,"spore:alveolic_sack":2,"spore:tendons":3,"minecraft:iron_bars":2,"minecraft:white_wool":1,"minecraft:cobblestone":698,"born_in_chaos_v1:corpse_maggot":13,"vampirism:item_tent":1,"minecraft:iron_door":2,"born_in_chaos_v1:monster_flesh":3,"minecraft:jungle_log":7,"minecraft:andesite":73,"minecraft:chiseled_quartz_block":7,"paraglider:spirit_orb":14,"minecraft:flint":5,"minecraft:tuff":37,"minecraft:oak_log":11,"minecraft:gunpowder":8,"minecraft:gray_concrete":2,"butchersdelight:goat_fur":2,"minecraft:dirt":154,"tombstone:gift":1,"botania:black_mystical_flower":1,"born_in_chaos_v1:monster_skin":2,"minecraft:bone":89,"spore:infested_deepslate":2,"minecraft:apple":4,"minecraft:wheat_seeds":22,"minecraft:raw_gold":3,"spore:mutated_fiber":171,"tombstone:bag_of_seeds":1,"minecraft:glowstone_dust":2,"minecraft:iron_sword":1,"quark:light_gray_shard":32,"thermal:raw_tin":3,"spore:cerebrum":10,"spore:armor_fragment":5,"minecraft:gravel":155,"minecraft:spruce_sapling":3,"minecraft:grass_block":1,"minecraft:mossy_cobblestone":3,"minecraft:light_gray_concrete":9,"spore:claw_fragment":15,"mowziesmobs:naga_fang":4,"minecraft:bundle":6,"immersiveengineering:seed":10,"minecraft:diamond":1,"minecraft:granite":83,"minecraft:bone_meal":1,"werewolves:cracked_bone":12,"spore:spine_fragment":1,"tombstone:magic_scroll":3,"born_in_chaos_v1:rotten_fish":3,"minecraft:melon_seeds":1,"minecraft:coal":119},"minecraft:mined":{"minecraft:tuff":37,"minecraft:spruce_planks":5,"spore:wall_growths_big":1,"minecraft:mossy_cobblestone":3,"minecraft:deepslate_diamond_ore":1,"thermal:sulfur_ore":2,"minecraft:jungle_leaves":5,"thermal:tin_ore":2,"minecraft:glow_lichen":1,"minecraft:granite":88,"minecraft:grass_block":14,"minecraft:jungle_log":7,"spore:growths_small":1,"farmersdelight:wild_onions":1,"mysticalagriculture:inferium_ore":4,"minecraft:spawner":7,"minecraft:black_stained_glass_pane":1,"minecraft:furnace":1,"minecraft:fire":3,"spore:blomfung":2,"minecraft:iron_ore":27,"minecraft:cobbled_deepslate":2,"minecraft:andesite":70,"spore:growth_mycelium":1,"vampirism:tent":1,"minecraft:cobblestone_slab":4,"minecraft:vine":4,"minecraft:deepslate_iron_ore":14,"minecraft:iron_bars":2,"minecraft:light_gray_concrete":6,"immersiveengineering:ore_lead":4,"minecraft:stone":612,"minecraft:spruce_slab":8,"minecraft:tripwire":4,"minecraft:gray_concrete":2,"minecraft:redstone_block":1,"minecraft:red_bed":1,"minecraft:chiseled_quartz_block":7,"spore:growths_big":1,"minecraft:crafting_table":6,"minecraft:torch":17,"minecraft:melon":28,"quark:blossom_log":10,"minecraft:stone_slab":4,"minecraft:copper_ore":1,"minecraft:tall_grass":2,"minecraft:cobblestone":65,"minecraft:deepslate_gold_ore":3,"botania:black_mystical_flower":1,"minecraft:diorite":14,"minecraft:iron_door":1,"minecraft:wall_torch":43,"minecraft:light_gray_stained_glass":11,"minecraft:birch_leaves":1,"minecraft:oak_log":11,"minecraft:grass":78,"thermal:silver_ore":1,"minecraft:coal_ore":91,"minecraft:cocoa":1,"minecraft:gravel":111,"minecraft:smooth_quartz":8,"minecraft:dirt":117,"minecraft:cracked_stone_bricks":2,"minecraft:oak_leaves":4,"minecraft:redstone_lamp":2,"mysticalagriculture:deepslate_inferium_ore":1,"werewolves:silver_ore":2,"minecraft:deepslate":54,"minecraft:fern":19},"minecraft:custom":{"lootr:looted_stat":15,"minecraft:mob_kills":256,"minecraft:inspect_hopper":3,"minecraft:interact_with_crafting_table":45,"minecraft:damage_dealt_resisted":497,"minecraft:time_since_death":10121,"minecraft:climb_one_cm":57387,"minecraft:sprint_one_cm":685276,"minecraft:walk_one_cm":1561570,"minecraft:drop":73,"minecraft:play_noteblock":4,"minecraft:damage_dealt_absorbed":1835,"minecraft:play_time":371295,"minecraft:deaths":48,"minecraft:sneak_time":16240,"minecraft:walk_under_water_one_cm":42102,"minecraft:boat_one_cm":40915,"minecraft:jump":5683,"minecraft:walk_on_water_one_cm":161914,"minecraft:total_world_time":371295,"minecraft:interact_with_furnace":30,"minecraft:tune_noteblock":12,"minecraft:interact_with_stonecutter":2,"minecraft:sleep_in_bed":2,"minecraft:time_since_rest":5844,"minecraft:damage_taken":16963,"tombstone:sneak_grave":1,"minecraft:damage_dealt":41817,"minecraft:swim_one_cm":45105,"minecraft:fly_one_cm":756455,"minecraft:open_chest":36,"minecraft:crouch_one_cm":64670,"tombstone:undead_killed":94,"minecraft:fall_one_cm":45630,"minecraft:inspect_dispenser":4},"minecraft:broken":{"minecraft:stone_sword":1,"minecraft:iron_boots":1,"minecraft:iron_chestplate":1,"minecraft:wooden_pickaxe":1,"minecraft:stone_pickaxe":3,"minecraft:golden_sword":1,"minecraft:iron_axe":1,"minecraft:stone_axe":1,"minecraft:iron_sword":3,"minecraft:iron_pickaxe":3,"minecraft:iron_helmet":1},"minecraft:dropped":{"born_in_chaos_v1:intoxicating_decoction":1,"minecraft:iron_sword":1,"minecraft:wheat_seeds":10,"minecraft:tnt":1,"mowziesmobs:foliaath_seed":1,"botania:black_mystical_flower":1,"minecraft:cobblestone":130,"minecraft:granite":30,"minecraft:dirt":2,"farmersdelight:rice":1,"quark:light_gray_shard":32,"minecraft:diorite":12,"minecraft:melon_slice":1,"minecraft:smooth_quartz":1,"minecraft:jungle_sapling":1,"spore:mutated_heart":1,"minecraft:bone":2,"minecraft:gravel":96,"butchersdelight:goat_fur":2,"minecraft:cobbled_deepslate":10,"minecraft:tuff":8,"minecraft:rotten_flesh":9,"werewolves:raw_silver":1,"spore:mutated_fiber":4,"evilcraft:flesh_humanoid":1,"minecraft:pumpkin_seeds":3,"minecraft:allium":2,"minecraft:bundle":2,"minecraft:andesite":40,"mysticalagriculture:inferium_essence":13,"born_in_chaos_v1:corpse_maggot":2,"minecraft:spruce_slab":7,"immersiveengineering:seed":6},"minecraft:killed":{"vampirism:vampire":1,"born_in_chaos_v1:restless_spirit":1,"hmag:creeper_girl":1,"spore:braiomil":1,"hmag:skeleton_girl":2,"born_in_chaos_v1:maggot":5,"minecraft:skeleton":76,"vampirism:blinding_bat":1,"hmag:zombie_girl":1,"werewolves:werewolf_beast":3,"born_in_chaos_v1:corpse_fish":2,"minecraft:magma_cube":65,"spore:inf_player":5,"minecraft:creeper":5,"born_in_chaos_v1:decrepit_skeleton":1,"spore:umarmed":1,"spore:inf_pillager":9,"minecraft:sheep":1,"spore:inf_villager":4,"spore:mound":1,"spore:inf_human":32,"minecraft:zombie":6,"born_in_chaos_v1:corpse_fly":7,"spore:inf_witch":1,"spore:howler":1,"spore:inf_husk":8,"spore:knight":1,"mowziesmobs:naga":3}},"DataVersion":3120}