{"stats":{"minecraft:crafted":{"minecraft:stone_shovel":1,"minecraft:furnace":1,"minecraft:bone_meal":8,"minecraft:bow":1,"minecraft:stone_pickaxe":4,"minecraft:stone_hoe":1,"minecraft:golden_sword":1,"quark:blossom_planks":40,"minecraft:crafting_table":2,"minecraft:wooden_pickaxe":1,"minecraft:iron_helmet":1,"minecraft:iron_sword":1,"eatanomelette:omelette":1,"minecraft:stone_axe":1,"minecraft:air":62,"minecraft:jungle_planks":16,"minecraft:iron_chestplate":1,"minecraft:stick":48,"minecraft:iron_ingot":29,"minecraft:iron_pickaxe":2,"minecraft:stone_sword":1,"minecraft:gold_ingot":3,"minecraft:iron_leggings":1,"minecraft:torch":77},"minecraft:used":{"minecraft:stone_sword":124,"minecraft:stone_shovel":52,"minecraft:iron_sword":29,"minecraft:stone_hoe":1,"minecraft:rotten_flesh":9,"minecraft:torch":111,"minecraft:dirt":116,"minecraft:tuff":18,"born_in_chaos_v1:corpse_maggot":3,"eatanomelette:omelette":1,"minecraft:melon_seeds":1,"minecraft:golden_sword":32,"minecraft:bow":6,"minecraft:furnace":2,"tombstone:gift":8,"minecraft:cobbled_deepslate":7,"minecraft:stone_pickaxe":422,"minecraft:wooden_pickaxe":42,"minecraft:crafting_table":6,"minecraft:red_bed":1,"minecraft:cod":7,"tombstone:bag_of_seeds":1,"minecraft:melon_slice":6,"minecraft:iron_pickaxe":270,"minecraft:stone_axe":15,"minecraft:cobblestone":88,"minecraft:bone_meal":3},"minecraft:killed_by":{"mowziesmobs:naga":1,"vampirism:advanced_vampire":1,"spore:busser":2,"minecraft:creeper":1,"hmag:creeper_girl":1,"born_in_chaos_v1:corpse_fish":1},"minecraft:picked_up":{"minecraft:cocoa_beans":3,"minecraft:crafting_table":4,"minecraft:red_bed":1,"minecraft:raw_copper":5,"thermal:sulfur":8,"mysticalagriculture:inferium_essence":27,"minecraft:cobbled_deepslate":41,"hmag:bat_wing":17,"minecraft:melon_slice":6,"minecraft:egg":1,"minecraft:furnace":1,"minecraft:raw_iron":19,"minecraft:stick":3,"minecraft:torch":35,"quark:blossom_log":10,"werewolves:raw_silver":1,"minecraft:diorite":18,"butchersdelight:deadsheep":1,"minecraft:stone_sword":1,"minecraft:arrow":6,"minecraft:rotten_flesh":11,"minecraft:white_wool":1,"minecraft:cobblestone":344,"born_in_chaos_v1:corpse_maggot":3,"minecraft:jungle_log":7,"minecraft:andesite":40,"minecraft:flint":3,"minecraft:tuff":33,"minecraft:gunpowder":5,"butchersdelight:goat_fur":2,"minecraft:dirt":118,"born_in_chaos_v1:monster_skin":1,"minecraft:bone":8,"minecraft:wheat_seeds":6,"minecraft:raw_gold":3,"spore:mutated_fiber":3,"tombstone:bag_of_seeds":1,"minecraft:glowstone_dust":2,"thermal:raw_tin":2,"spore:cerebrum":2,"minecraft:gravel":122,"minecraft:grass_block":1,"mowziesmobs:naga_fang":2,"minecraft:bundle":1,"immersiveengineering:seed":1,"minecraft:diamond":1,"minecraft:granite":74,"minecraft:coal":76},"minecraft:mined":{"minecraft:tuff":37,"minecraft:deepslate_diamond_ore":1,"thermal:sulfur_ore":2,"thermal:tin_ore":2,"minecraft:granite":79,"minecraft:grass_block":6,"minecraft:jungle_log":7,"mysticalagriculture:inferium_ore":2,"minecraft:furnace":1,"minecraft:iron_ore":8,"minecraft:cobbled_deepslate":2,"minecraft:andesite":41,"spore:growth_mycelium":1,"minecraft:vine":1,"minecraft:deepslate_iron_ore":11,"minecraft:stone":335,"minecraft:red_bed":1,"minecraft:crafting_table":4,"minecraft:torch":15,"minecraft:melon":1,"quark:blossom_log":10,"minecraft:copper_ore":1,"minecraft:tall_grass":2,"minecraft:cobblestone":16,"minecraft:deepslate_gold_ore":3,"minecraft:diorite":13,"minecraft:wall_torch":15,"minecraft:grass":8,"minecraft:coal_ore":48,"minecraft:cocoa":1,"minecraft:gravel":91,"minecraft:dirt":98,"mysticalagriculture:deepslate_inferium_ore":1,"werewolves:silver_ore":1,"minecraft:deepslate":38,"minecraft:fern":1},"minecraft:custom":{"lootr:looted_stat":2,"minecraft:mob_kills":32,"minecraft:interact_with_crafting_table":31,"minecraft:damage_dealt_resisted":368,"minecraft:time_since_death":1204,"minecraft:climb_one_cm":475,"minecraft:sprint_one_cm":107894,"minecraft:walk_one_cm":375035,"minecraft:drop":28,"minecraft:play_time":125295,"minecraft:deaths":7,"minecraft:sneak_time":7732,"minecraft:walk_under_water_one_cm":12542,"minecraft:jump":1133,"minecraft:walk_on_water_one_cm":26575,"minecraft:total_world_time":125295,"minecraft:interact_with_furnace":19,"minecraft:time_since_rest":570,"minecraft:damage_taken":2919,"tombstone:sneak_grave":1,"minecraft:damage_dealt":5267,"minecraft:swim_one_cm":25968,"minecraft:fly_one_cm":164017,"minecraft:crouch_one_cm":30085,"tombstone:undead_killed":13,"minecraft:fall_one_cm":6518},"minecraft:broken":{"minecraft:wooden_pickaxe":1,"minecraft:stone_pickaxe":3,"minecraft:golden_sword":1,"minecraft:iron_pickaxe":1},"minecraft:dropped":{"minecraft:wheat_seeds":3,"mowziesmobs:foliaath_seed":1,"minecraft:cobblestone":128,"minecraft:granite":30,"farmersdelight:rice":1,"minecraft:diorite":12,"minecraft:gravel":96,"butchersdelight:goat_fur":2,"minecraft:cobbled_deepslate":10,"minecraft:tuff":8,"werewolves:raw_silver":1,"minecraft:pumpkin_seeds":3,"minecraft:andesite":39,"mysticalagriculture:inferium_essence":12,"immersiveengineering:seed":1},"minecraft:killed":{"vampirism:vampire":1,"hmag:creeper_girl":1,"hmag:skeleton_girl":2,"born_in_chaos_v1:maggot":4,"minecraft:skeleton":3,"vampirism:blinding_bat":1,"hmag:zombie_girl":1,"minecraft:creeper":3,"born_in_chaos_v1:decrepit_skeleton":1,"minecraft:sheep":1,"minecraft:zombie":6,"born_in_chaos_v1:corpse_fly":6,"spore:inf_witch":1}},"DataVersion":3120}