{"stats":{"minecraft:crafted":{"minecraft:stone_shovel":1,"minecraft:furnace":1,"minecraft:bone_meal":18,"quark:blossom_chest":1,"minecraft:bow":1,"minecraft:stone_pickaxe":4,"minecraft:stone_hoe":1,"minecraft:golden_sword":1,"quark:blossom_planks":40,"minecraft:crafting_table":2,"minecraft:wooden_pickaxe":1,"minecraft:iron_helmet":1,"minecraft:iron_sword":2,"eatanomelette:omelette":1,"minecraft:bucket":1,"minecraft:stone_axe":1,"minecraft:air":104,"minecraft:jungle_planks":16,"minecraft:iron_chestplate":1,"minecraft:stick":52,"minecraft:iron_ingot":47,"minecraft:iron_pickaxe":3,"minecraft:stone_sword":1,"minecraft:gold_ingot":3,"minecraft:iron_leggings":1,"minecraft:torch":80},"minecraft:used":{"minecraft:stone_sword":124,"minecraft:stone_shovel":67,"minecraft:iron_sword":306,"minecraft:stone_hoe":15,"minecraft:rotten_flesh":13,"minecraft:torch":170,"minecraft:dirt":116,"minecraft:tuff":18,"born_in_chaos_v1:corpse_maggot":7,"minecraft:lava_bucket":7,"eatanomelette:omelette":1,"evilcraft:flesh_humanoid":1,"minecraft:melon_seeds":1,"quark:blossom_chest":1,"minecraft:golden_sword":32,"minecraft:bow":6,"minecraft:furnace":2,"tombstone:gift":10,"minecraft:cobbled_deepslate":7,"minecraft:stone_pickaxe":422,"minecraft:wooden_pickaxe":42,"minecraft:crafting_table":6,"minecraft:red_bed":1,"minecraft:cod":7,"tombstone:bag_of_seeds":1,"minecraft:apple":3,"born_in_chaos_v1:monster_flesh":2,"minecraft:melon_slice":19,"minecraft:iron_pickaxe":708,"tombstone:grave_key":5,"minecraft:stone_axe":18,"minecraft:cobblestone":274,"minecraft:bucket":8,"minecraft:bone_meal":3},"minecraft:killed_by":{"mowziesmobs:naga":1,"spore:slasher":1,"vampirism:advanced_vampire":1,"spore:busser":4,"minecraft:creeper":2,"spore:inf_human":1,"born_in_chaos_v1:corpse_fly":1,"hmag:creeper_girl":1,"spore:inf_pillager":1,"spore:inf_player":5,"spore:inf_husk":1,"minecraft:skeleton":2,"born_in_chaos_v1:corpse_fish":1,"spore:inf_witch":1,"born_in_chaos_v1:dread_hound":1},"minecraft:picked_up":{"minecraft:cocoa_beans":3,"spore:mutated_heart":18,"minecraft:crafting_table":4,"thermal:raw_silver":1,"minecraft:red_bed":1,"minecraft:raw_copper":5,"thermal:raw_nickel":2,"thermal:sulfur":8,"immersiveengineering:raw_lead":4,"mysticalagriculture:inferium_essence":61,"minecraft:cobbled_deepslate":67,"hmag:bat_wing":17,"minecraft:melon_slice":80,"minecraft:egg":1,"minecraft:furnace":1,"minecraft:spruce_pressure_plate":1,"spore:tumor":1,"minecraft:raw_iron":40,"minecraft:stick":3,"minecraft:torch":88,"quark:blossom_log":10,"werewolves:raw_silver":2,"minecraft:diorite":19,"butchersdelight:deadsheep":1,"minecraft:stone_sword":1,"minecraft:arrow":9,"minecraft:rotten_flesh":13,"spore:tendons":3,"minecraft:white_wool":1,"minecraft:cobblestone":639,"born_in_chaos_v1:corpse_maggot":7,"minecraft:iron_door":1,"born_in_chaos_v1:monster_flesh":3,"minecraft:jungle_log":7,"minecraft:andesite":72,"paraglider:spirit_orb":2,"minecraft:flint":5,"minecraft:tuff":37,"minecraft:gunpowder":8,"butchersdelight:goat_fur":2,"minecraft:dirt":148,"tombstone:gift":1,"born_in_chaos_v1:monster_skin":2,"minecraft:bone":8,"spore:infested_deepslate":2,"minecraft:apple":3,"minecraft:wheat_seeds":14,"minecraft:raw_gold":3,"spore:mutated_fiber":143,"tombstone:bag_of_seeds":1,"minecraft:glowstone_dust":2,"thermal:raw_tin":3,"spore:cerebrum":9,"spore:armor_fragment":4,"minecraft:gravel":155,"minecraft:grass_block":1,"minecraft:light_gray_concrete":6,"spore:claw_fragment":11,"mowziesmobs:naga_fang":2,"minecraft:bundle":1,"immersiveengineering:seed":4,"minecraft:diamond":1,"minecraft:granite":83,"minecraft:bone_meal":1,"spore:spine_fragment":1,"born_in_chaos_v1:rotten_fish":1,"minecraft:melon_seeds":1,"minecraft:coal":119},"minecraft:mined":{"minecraft:tuff":37,"spore:wall_growths_big":1,"minecraft:deepslate_diamond_ore":1,"thermal:sulfur_ore":2,"minecraft:jungle_leaves":5,"thermal:tin_ore":2,"minecraft:glow_lichen":1,"minecraft:granite":88,"minecraft:grass_block":12,"minecraft:jungle_log":7,"spore:growths_small":1,"mysticalagriculture:inferium_ore":4,"minecraft:spawner":1,"minecraft:black_stained_glass_pane":1,"minecraft:furnace":1,"spore:blomfung":1,"minecraft:iron_ore":26,"minecraft:cobbled_deepslate":2,"minecraft:andesite":69,"spore:growth_mycelium":1,"minecraft:vine":4,"minecraft:deepslate_iron_ore":14,"minecraft:light_gray_concrete":3,"immersiveengineering:ore_lead":4,"minecraft:stone":585,"minecraft:red_bed":1,"spore:growths_big":1,"minecraft:crafting_table":4,"minecraft:torch":16,"minecraft:melon":18,"quark:blossom_log":10,"minecraft:copper_ore":1,"minecraft:tall_grass":2,"minecraft:cobblestone":44,"minecraft:deepslate_gold_ore":3,"minecraft:diorite":14,"minecraft:wall_torch":34,"minecraft:grass":30,"thermal:silver_ore":1,"minecraft:coal_ore":91,"minecraft:cocoa":1,"minecraft:gravel":111,"minecraft:dirt":115,"mysticalagriculture:deepslate_inferium_ore":1,"werewolves:silver_ore":2,"minecraft:deepslate":52,"minecraft:fern":7},"minecraft:custom":{"lootr:looted_stat":3,"minecraft:mob_kills":81,"minecraft:interact_with_crafting_table":37,"minecraft:damage_dealt_resisted":497,"minecraft:time_since_death":931,"minecraft:climb_one_cm":28148,"minecraft:sprint_one_cm":173708,"minecraft:walk_one_cm":766135,"minecraft:drop":29,"minecraft:play_time":215295,"minecraft:deaths":27,"minecraft:sneak_time":12926,"minecraft:walk_under_water_one_cm":23969,"minecraft:jump":2599,"minecraft:walk_on_water_one_cm":56293,"minecraft:total_world_time":215295,"minecraft:interact_with_furnace":29,"minecraft:tune_noteblock":12,"minecraft:interact_with_stonecutter":2,"minecraft:time_since_rest":1,"minecraft:damage_taken":9051,"tombstone:sneak_grave":1,"minecraft:damage_dealt":13306,"minecraft:swim_one_cm":25968,"minecraft:fly_one_cm":234276,"minecraft:open_chest":20,"minecraft:crouch_one_cm":53160,"tombstone:undead_killed":14,"minecraft:fall_one_cm":10724,"minecraft:inspect_dispenser":2},"minecraft:broken":{"minecraft:wooden_pickaxe":1,"minecraft:stone_pickaxe":3,"minecraft:golden_sword":1,"minecraft:iron_sword":1,"minecraft:iron_pickaxe":2,"minecraft:iron_helmet":1},"minecraft:dropped":{"minecraft:wheat_seeds":3,"mowziesmobs:foliaath_seed":1,"minecraft:cobblestone":129,"minecraft:granite":30,"farmersdelight:rice":1,"minecraft:diorite":12,"minecraft:gravel":96,"butchersdelight:goat_fur":2,"minecraft:cobbled_deepslate":10,"minecraft:tuff":8,"werewolves:raw_silver":1,"minecraft:pumpkin_seeds":3,"minecraft:andesite":39,"mysticalagriculture:inferium_essence":12,"immersiveengineering:seed":1},"minecraft:killed":{"vampirism:vampire":1,"hmag:creeper_girl":1,"hmag:skeleton_girl":2,"born_in_chaos_v1:maggot":4,"minecraft:skeleton":4,"vampirism:blinding_bat":1,"hmag:zombie_girl":1,"born_in_chaos_v1:corpse_fish":2,"spore:inf_player":5,"minecraft:creeper":5,"born_in_chaos_v1:decrepit_skeleton":1,"spore:inf_pillager":8,"minecraft:sheep":1,"spore:inf_villager":4,"spore:inf_human":11,"minecraft:zombie":6,"born_in_chaos_v1:corpse_fly":7,"spore:inf_witch":1,"spore:howler":1,"spore:inf_husk":7,"spore:knight":1}},"DataVersion":3120}