{"stats":{"minecraft:crafted":{"minecraft:stone_shovel":1,"quark:blossom_planks":40,"minecraft:crafting_table":2,"minecraft:wooden_pickaxe":1,"minecraft:iron_helmet":1,"minecraft:iron_sword":1,"eatanomelette:omelette":1,"minecraft:furnace":1,"minecraft:bone_meal":8,"minecraft:stone_axe":1,"minecraft:air":62,"minecraft:jungle_planks":16,"minecraft:bow":1,"minecraft:iron_chestplate":1,"minecraft:stick":36,"minecraft:iron_leggings":1,"minecraft:iron_ingot":28,"minecraft:iron_pickaxe":1,"minecraft:stone_pickaxe":4,"minecraft:gold_ingot":3,"minecraft:stone_sword":1,"minecraft:torch":45,"minecraft:stone_hoe":1,"minecraft:golden_sword":1},"minecraft:used":{"minecraft:stone_sword":124,"minecraft:stone_shovel":52,"minecraft:stone_pickaxe":422,"minecraft:wooden_pickaxe":42,"minecraft:iron_sword":13,"minecraft:stone_hoe":1,"minecraft:rotten_flesh":9,"minecraft:torch":91,"minecraft:red_bed":1,"minecraft:dirt":116,"minecraft:crafting_table":6,"minecraft:cod":7,"minecraft:tuff":18,"tombstone:bag_of_seeds":1,"born_in_chaos_v1:corpse_maggot":3,"minecraft:melon_slice":6,"minecraft:iron_pickaxe":243,"eatanomelette:omelette":1,"minecraft:melon_seeds":1,"minecraft:golden_sword":32,"minecraft:stone_axe":15,"minecraft:cobblestone":65,"minecraft:furnace":2,"tombstone:gift":6,"minecraft:cobbled_deepslate":7,"minecraft:bone_meal":3},"minecraft:killed_by":{"mowziesmobs:naga":1,"spore:busser":1,"minecraft:creeper":1,"born_in_chaos_v1:corpse_fish":1,"hmag:creeper_girl":1},"minecraft:picked_up":{"born_in_chaos_v1:corpse_maggot":3,"minecraft:cocoa_beans":3,"minecraft:crafting_table":4,"minecraft:andesite":40,"minecraft:jungle_log":7,"minecraft:flint":3,"minecraft:tuff":31,"minecraft:gunpowder":5,"minecraft:red_bed":1,"butchersdelight:goat_fur":2,"minecraft:dirt":118,"minecraft:raw_copper":5,"minecraft:bone":8,"thermal:sulfur":8,"mysticalagriculture:inferium_essence":26,"minecraft:wheat_seeds":6,"minecraft:cobbled_deepslate":17,"minecraft:raw_gold":3,"hmag:bat_wing":3,"tombstone:bag_of_seeds":1,"minecraft:glowstone_dust":2,"minecraft:melon_slice":6,"minecraft:furnace":1,"minecraft:egg":1,"minecraft:stick":3,"thermal:raw_tin":2,"minecraft:raw_iron":18,"spore:cerebrum":2,"minecraft:torch":31,"minecraft:gravel":122,"quark:blossom_log":10,"werewolves:raw_silver":1,"minecraft:diorite":18,"minecraft:grass_block":1,"minecraft:bundle":1,"minecraft:stone_sword":1,"mowziesmobs:naga_fang":2,"minecraft:rotten_flesh":9,"minecraft:arrow":6,"butchersdelight:deadsheep":1,"minecraft:diamond":1,"immersiveengineering:seed":1,"minecraft:granite":74,"minecraft:coal":76,"minecraft:white_wool":1,"minecraft:cobblestone":341},"minecraft:mined":{"minecraft:tuff":35,"minecraft:red_bed":1,"minecraft:deepslate_diamond_ore":1,"thermal:sulfur_ore":2,"thermal:tin_ore":2,"minecraft:crafting_table":4,"minecraft:torch":13,"minecraft:granite":79,"minecraft:grass_block":6,"minecraft:melon":1,"minecraft:jungle_log":7,"quark:blossom_log":10,"minecraft:tall_grass":2,"minecraft:copper_ore":1,"minecraft:cobblestone":13,"minecraft:deepslate_gold_ore":3,"minecraft:diorite":13,"minecraft:wall_torch":15,"mysticalagriculture:inferium_ore":2,"minecraft:furnace":1,"minecraft:iron_ore":8,"minecraft:cobbled_deepslate":1,"minecraft:andesite":41,"minecraft:grass":8,"minecraft:deepslate_iron_ore":10,"minecraft:coal_ore":48,"minecraft:cocoa":1,"minecraft:vine":1,"minecraft:gravel":91,"minecraft:dirt":98,"minecraft:stone":335,"werewolves:silver_ore":1,"mysticalagriculture:deepslate_inferium_ore":1,"minecraft:deepslate":18,"minecraft:fern":1},"minecraft:custom":{"lootr:looted_stat":2,"minecraft:interact_with_furnace":14,"minecraft:mob_kills":27,"minecraft:interact_with_crafting_table":27,"minecraft:damage_dealt_resisted":316,"minecraft:time_since_death":89516,"minecraft:climb_one_cm":475,"minecraft:time_since_rest":87571,"minecraft:sprint_one_cm":97099,"minecraft:damage_taken":2194,"minecraft:walk_one_cm":294662,"tombstone:sneak_grave":1,"minecraft:drop":28,"minecraft:damage_dealt":4748,"minecraft:swim_one_cm":25968,"minecraft:fly_one_cm":154860,"minecraft:crouch_one_cm":24337,"tombstone:undead_killed":11,"minecraft:play_time":113295,"minecraft:deaths":5,"minecraft:sneak_time":6574,"minecraft:walk_under_water_one_cm":12542,"minecraft:jump":972,"minecraft:walk_on_water_one_cm":26575,"minecraft:total_world_time":113295,"minecraft:fall_one_cm":4213},"minecraft:dropped":{"butchersdelight:goat_fur":2,"minecraft:gravel":96,"minecraft:wheat_seeds":3,"minecraft:cobbled_deepslate":10,"mowziesmobs:foliaath_seed":1,"minecraft:tuff":8,"minecraft:cobblestone":128,"werewolves:raw_silver":1,"minecraft:granite":30,"minecraft:pumpkin_seeds":3,"farmersdelight:rice":1,"minecraft:diorite":12,"mysticalagriculture:inferium_essence":12,"minecraft:andesite":39,"immersiveengineering:seed":1},"minecraft:broken":{"minecraft:stone_pickaxe":3,"minecraft:golden_sword":1,"minecraft:wooden_pickaxe":1},"minecraft:killed":{"vampirism:vampire":1,"hmag:creeper_girl":1,"hmag:skeleton_girl":2,"minecraft:creeper":2,"born_in_chaos_v1:decrepit_skeleton":1,"born_in_chaos_v1:maggot":4,"minecraft:skeleton":2,"minecraft:sheep":1,"hmag:zombie_girl":1,"minecraft:zombie":5,"born_in_chaos_v1:corpse_fly":6,"spore:inf_witch":1}},"DataVersion":3120}