{"stats":{"minecraft:crafted":{"minecraft:stone_shovel":1,"minecraft:crafting_table":2,"minecraft:wooden_pickaxe":1,"minecraft:iron_helmet":1,"eatanomelette:omelette":1,"minecraft:furnace":1,"minecraft:stone_axe":1,"minecraft:air":34,"minecraft:jungle_planks":16,"minecraft:iron_chestplate":1,"minecraft:stick":32,"minecraft:iron_ingot":18,"minecraft:iron_pickaxe":1,"minecraft:stone_pickaxe":4,"minecraft:gold_ingot":3,"minecraft:stone_sword":1,"minecraft:torch":44,"minecraft:golden_sword":1},"minecraft:used":{"minecraft:stone_sword":95,"minecraft:stone_shovel":50,"minecraft:stone_pickaxe":422,"minecraft:wooden_pickaxe":42,"minecraft:rotten_flesh":9,"minecraft:torch":61,"minecraft:dirt":114,"minecraft:crafting_table":6,"minecraft:tuff":2,"tombstone:bag_of_seeds":1,"born_in_chaos_v1:corpse_maggot":2,"minecraft:iron_pickaxe":26,"eatanomelette:omelette":1,"minecraft:golden_sword":32,"minecraft:stone_axe":15,"minecraft:cobblestone":15,"minecraft:furnace":2,"tombstone:gift":6,"minecraft:cobbled_deepslate":3},"minecraft:killed_by":{"mowziesmobs:naga":1,"spore:busser":1,"minecraft:creeper":1,"born_in_chaos_v1:corpse_fish":1,"hmag:creeper_girl":1},"minecraft:picked_up":{"born_in_chaos_v1:corpse_maggot":3,"minecraft:cocoa_beans":3,"minecraft:crafting_table":4,"minecraft:jungle_log":7,"minecraft:flint":3,"minecraft:tuff":20,"minecraft:gunpowder":5,"butchersdelight:goat_fur":2,"minecraft:dirt":105,"minecraft:raw_copper":5,"minecraft:bone":6,"thermal:sulfur":8,"mysticalagriculture:inferium_essence":13,"minecraft:wheat_seeds":6,"minecraft:cobbled_deepslate":5,"minecraft:raw_gold":3,"tombstone:bag_of_seeds":1,"minecraft:glowstone_dust":2,"minecraft:furnace":1,"minecraft:egg":1,"minecraft:stick":3,"thermal:raw_tin":2,"minecraft:raw_iron":18,"spore:cerebrum":2,"minecraft:torch":23,"minecraft:gravel":122,"quark:blossom_log":10,"minecraft:grass_block":1,"minecraft:bundle":1,"minecraft:stone_sword":1,"mowziesmobs:naga_fang":2,"minecraft:rotten_flesh":9,"minecraft:arrow":4,"butchersdelight:deadsheep":1,"minecraft:diamond":1,"immersiveengineering:seed":1,"minecraft:granite":44,"minecraft:coal":76,"minecraft:white_wool":1,"minecraft:cobblestone":255},"minecraft:mined":{"minecraft:tuff":21,"minecraft:deepslate_diamond_ore":1,"thermal:sulfur_ore":2,"thermal:tin_ore":2,"minecraft:crafting_table":4,"minecraft:torch":11,"minecraft:granite":44,"minecraft:grass_block":6,"minecraft:jungle_log":7,"quark:blossom_log":10,"minecraft:tall_grass":2,"minecraft:copper_ore":1,"minecraft:cobblestone":7,"minecraft:deepslate_gold_ore":3,"minecraft:wall_torch":8,"mysticalagriculture:inferium_ore":2,"minecraft:furnace":1,"minecraft:iron_ore":8,"minecraft:cobbled_deepslate":1,"minecraft:grass":8,"minecraft:deepslate_iron_ore":10,"minecraft:coal_ore":48,"minecraft:cocoa":1,"minecraft:vine":1,"minecraft:gravel":91,"minecraft:dirt":85,"minecraft:stone":250,"mysticalagriculture:deepslate_inferium_ore":1,"minecraft:deepslate":5,"minecraft:fern":1},"minecraft:custom":{"minecraft:interact_with_furnace":10,"minecraft:mob_kills":23,"minecraft:interact_with_crafting_table":16,"minecraft:damage_dealt_resisted":20,"minecraft:time_since_death":41516,"minecraft:climb_one_cm":475,"minecraft:time_since_rest":39571,"minecraft:sprint_one_cm":93369,"minecraft:damage_taken":1908,"minecraft:walk_one_cm":193832,"tombstone:sneak_grave":1,"minecraft:drop":5,"minecraft:damage_dealt":3623,"minecraft:swim_one_cm":25968,"minecraft:fly_one_cm":151189,"minecraft:crouch_one_cm":10551,"tombstone:undead_killed":10,"minecraft:play_time":65295,"minecraft:deaths":5,"minecraft:sneak_time":3416,"minecraft:walk_under_water_one_cm":12542,"minecraft:jump":635,"minecraft:walk_on_water_one_cm":26575,"minecraft:total_world_time":65295,"minecraft:fall_one_cm":3164},"minecraft:dropped":{"butchersdelight:goat_fur":1,"minecraft:gravel":32,"minecraft:wheat_seeds":3},"minecraft:broken":{"minecraft:stone_pickaxe":3,"minecraft:golden_sword":1,"minecraft:wooden_pickaxe":1},"minecraft:killed":{"hmag:creeper_girl":1,"hmag:skeleton_girl":2,"minecraft:creeper":2,"born_in_chaos_v1:decrepit_skeleton":1,"born_in_chaos_v1:maggot":4,"minecraft:skeleton":1,"minecraft:sheep":1,"hmag:zombie_girl":1,"minecraft:zombie":5,"born_in_chaos_v1:corpse_fly":4,"spore:inf_witch":1}},"DataVersion":3120}