{"stats":{"minecraft:picked_up":{"spore:mutated_heart":24,"minecraft:wheat":791,"minecraft:redstone_block":1,"minecraft:stone_slab":4,"minecraft:oak_stairs":13,"minecraft:stone_brick_stairs":3,"minecraft:string":313,"minecraft:raw_copper":5,"minecraft:smooth_stone_slab":1,"minecraft:iron_leggings":7,"minecraft:sticky_piston":40,"minecraft:experience_bottle":21,"minecraft:oak_sign":2,"thermal:sulfur":8,"immersiveengineering:raw_lead":4,"mysticalagriculture:inferium_essence":117,"minecraft:smooth_stone":1,"minecraft:cobbled_deepslate":69,"minecraft:bucket":16,"comforts:sleeping_bag_white":2,"minecraft:spruce_planks":7,"hmag:bat_wing":17,"minecraft:cobblestone_slab":4,"minecraft:smooth_quartz":8,"minecraft:iron_pickaxe":16,"minecraft:melon_slice":126,"minecraft:furnace":1,"artifacts:universal_attractor":8,"minecraft:spruce_pressure_plate":1,"minecraft:stick":5,"minecraft:oak_fence":2,"minecraft:torch":178,"epicfight:skillbook":7,"quark:blossom_log":10,"werewolves:wolfsbane":1,"tombstone:grave_dust":21,"minecraft:diorite":20,"minecraft:stone_sword":9,"minecraft:rotten_flesh":65,"artifacts:villager_hat":8,"farmersdelight:onion":1,"minecraft:iron_block":1,"minecraft:obsidian":6,"minecraft:iron_bars":8,"minecraft:cobblestone":898,"minecraft:sponge":1,"minecraft:leather_chestplate":1,"minecraft:cooked_beef":21,"minecraft:iron_door":3,"minecraft:andesite":94,"minecraft:jungle_log":7,"minecraft:chiseled_quartz_block":7,"minecraft:potato":83,"paraglider:spirit_orb":18,"minecraft:flint":6,"minecraft:tuff":37,"evilcraft:flesh_humanoid":9,"butchersdelight:goat_fur":2,"minecraft:gray_concrete":2,"minecraft:dirt":278,"minecraft:lantern":2,"born_in_chaos_v1:monster_skin":5,"minecraft:bone":393,"minecraft:bow":7,"minecraft:wheat_seeds":38,"minecraft:raw_gold":3,"minecraft:mossy_stone_bricks":9,"minecraft:rabbit":2,"minecraft:glowstone_dust":2,"minecraft:oak_planks":466,"minecraft:mossy_stone_brick_stairs":1,"thermal:raw_tin":3,"spore:cerebrum":12,"spore:armor_fragment":5,"minecraft:oak_pressure_plate":3,"minecraft:grass_block":1,"minecraft:mossy_cobblestone":12,"minecraft:polished_andesite":6,"minecraft:bundle":21,"spore:claw_fragment":15,"minecraft:light_gray_concrete":9,"minecraft:diamond":1,"minecraft:granite":103,"minecraft:bone_meal":1,"minecraft:golden_apple":24,"minecraft:bread":137,"minecraft:bricks":2,"werewolves:cracked_bone":12,"spore:spine_fragment":1,"born_in_chaos_v1:rotten_fish":11,"minecraft:cocoa_beans":3,"minecraft:charcoal":148,"minecraft:crafting_table":13,"minecraft:allium":2,"minecraft:ladder":2,"born_in_chaos_v1:river_mint":1,"thermal:raw_silver":1,"born_in_chaos_v1:seedof_chaos":2,"minecraft:redstone_lamp":50,"minecraft:stone_brick_wall":9,"minecraft:shield":5,"minecraft:oak_trapdoor":1,"minecraft:red_bed":1,"minecraft:wooden_sword":5,"thermal:raw_nickel":2,"minecraft:white_carpet":3,"born_in_chaos_v1:intoxicating_decoction":1,"minecraft:item_frame":3,"minecraft:cracked_stone_bricks":4,"minecraft:beef":1,"quark:permafrost":2,"minecraft:oak_boat":13,"minecraft:jungle_sapling":1,"minecraft:poppy":1,"minecraft:spruce_slab":8,"minecraft:sugar_cane":1,"minecraft:egg":1,"minecraft:raw_iron":41,"spore:tumor":1,"minecraft:oak_door":1,"werewolves:raw_silver":2,"minecraft:stone_button":1,"minecraft:cookie":1,"minecraft:carrot":1,"minecraft:tnt":156,"minecraft:arrow":78,"butchersdelight:deadsheep":5,"minecraft:beetroot_seeds":1,"minecraft:pumpkin_pie":1,"minecraft:peony":1,"minecraft:hay_block":188,"minecraft:saddle":6,"born_in_chaos_v1:spiny_shell":3,"spore:alveolic_sack":2,"spore:tendons":3,"minecraft:mutton":4,"minecraft:skeleton_skull":5,"minecraft:white_wool":33,"born_in_chaos_v1:fused_bone":2,"born_in_chaos_v1:corpse_maggot":49,"minecraft:tripwire_hook":4,"born_in_chaos_v1:monster_flesh":12,"vampirism:item_tent":1,"minecraft:jungle_fence":2,"minecraft:oak_log":20,"minecraft:chainmail_chestplate":8,"minecraft:golden_boots":8,"minecraft:gunpowder":12,"minecraft:paper":104,"tombstone:gift":1,"botania:black_mystical_flower":1,"minecraft:red_carpet":2,"spore:infested_deepslate":2,"minecraft:apple":4,"minecraft:stone_bricks":31,"minecraft:kelp":1,"minecraft:iron_ingot":105,"minecraft:stripped_oak_wood":2,"tombstone:bag_of_seeds":1,"spore:mutated_fiber":173,"minecraft:iron_sword":10,"minecraft:book":805,"quark:light_gray_shard":32,"born_in_chaos_v1:orbofthe_summoner":1,"born_in_chaos_v1:ethereal_spirit":1,"minecraft:dandelion":4,"minecraft:gravel":160,"minecraft:spruce_sapling":3,"minecraft:white_bed":2,"minecraft:dark_oak_fence_gate":1,"minecraft:spider_eye":1,"mowziesmobs:naga_fang":4,"immersiveengineering:seed":25,"minecraft:stone_axe":8,"minecraft:iron_helmet":5,"minecraft:painting":1,"minecraft:baked_potato":11,"tombstone:magic_scroll":4,"minecraft:melon_seeds":1,"minecraft:coal":359},"minecraft:dropped":{"minecraft:iron_sword":1,"botania:black_mystical_flower":1,"farmersdelight:rice":1,"minecraft:dirt":2,"born_in_chaos_v1:monster_flesh":1,"quark:light_gray_shard":32,"born_in_chaos_v1:monster_skin":3,"minecraft:jungle_sapling":1,"minecraft:bone":2,"minecraft:gravel":96,"minecraft:cobbled_deepslate":10,"born_in_chaos_v1:ethereal_spirit":1,"minecraft:rotten_flesh":11,"werewolves:raw_silver":1,"evilcraft:flesh_humanoid":2,"minecraft:leather_chestplate":1,"mysticalagriculture:inferium_essence":13,"born_in_chaos_v1:corpse_maggot":2,"minecraft:spruce_slab":7,"immersiveengineering:seed":7,"born_in_chaos_v1:intoxicating_decoction":1,"minecraft:wheat_seeds":11,"minecraft:tnt":1,"mowziesmobs:foliaath_seed":1,"minecraft:cobblestone":130,"minecraft:granite":30,"minecraft:diorite":12,"minecraft:smooth_quartz":1,"minecraft:melon_slice":1,"spore:mutated_heart":1,"butchersdelight:goat_fur":2,"minecraft:kelp":1,"minecraft:tuff":8,"spore:cerebrum":1,"spore:mutated_fiber":4,"minecraft:pumpkin_seeds":3,"minecraft:potato":1,"minecraft:allium":2,"minecraft:bundle":2,"minecraft:andesite":40},"minecraft:killed_by":{"mowziesmobs:naga":1,"spore:slasher":1,"vampirism:advanced_vampire":1,"minecraft:creeper":5,"spore:inf_human":3,"spore:scamper":1,"born_in_chaos_v1:corpse_fly":1,"hmag:creeper_girl":2,"spore:inf_pillager":3,"spore:inf_player":5,"spore:inf_husk":2,"spore:inf_villager":2,"spore:braiomil":1,"minecraft:zombie":1,"born_in_chaos_v1:scarlet_persecutor":4,"spore:umarmed":1,"spore:busser":5,"spore:thorn":1,"spore:usurper":4,"hordes:zombie_player":11,"minecraft:skeleton":3,"spore:wave":1,"born_in_chaos_v1:corpse_fish":2,"spore:inf_witch":1,"born_in_chaos_v1:dread_hound":1,"werewolves:werewolf_survivalist":1},"minecraft:mined":{"spore:fungal_roots":4,"minecraft:spruce_planks":7,"minecraft:white_bed":1,"spore:wall_growths":22,"thermal:sulfur_ore":2,"minecraft:jungle_leaves":5,"thermal:tin_ore":2,"minecraft:obsidian":6,"minecraft:granite":107,"minecraft:stone_brick_wall":6,"minecraft:grass_block":23,"minecraft:jungle_log":7,"spore:fungal_stem":10,"minecraft:oak_pressure_plate":2,"minecraft:oak_wall_sign":1,"mysticalagriculture:inferium_ore":4,"minecraft:spawner":9,"minecraft:fire":4,"minecraft:iron_ore":27,"minecraft:cobbled_deepslate":2,"vampirism:tent":1,"spore:growth_mycelium":16,"minecraft:oak_stairs":2,"minecraft:iron_bars":8,"minecraft:light_gray_concrete":6,"immersiveengineering:ore_lead":4,"minecraft:iron_block":1,"minecraft:spruce_slab":8,"minecraft:tripwire":4,"minecraft:red_bed":1,"minecraft:chiseled_quartz_block":7,"spore:growths_big":25,"minecraft:torch":17,"minecraft:melon":28,"minecraft:white_stained_glass_pane":1,"quark:blossom_log":10,"minecraft:cobblestone":128,"minecraft:bricks":2,"minecraft:oak_planks":20,"minecraft:iron_door":2,"minecraft:wall_torch":43,"botania:black_mystical_flower":1,"minecraft:light_gray_stained_glass":11,"minecraft:stripped_oak_wood":2,"minecraft:stone_brick_stairs":3,"minecraft:grass":90,"minecraft:oak_log":13,"minecraft:dirt":139,"minecraft:smooth_quartz":8,"spore:hanging_fungal_stem":25,"minecraft:tripwire_hook":4,"minecraft:deepslate":54,"minecraft:oak_leaves":8,"mysticalagriculture:deepslate_inferium_ore":1,"werewolves:silver_ore":2,"spore:remains":7,"minecraft:redstone_lamp":2,"minecraft:red_carpet":2,"minecraft:tuff":37,"spore:wall_growths_big":27,"minecraft:light_gray_stained_glass_pane":2,"minecraft:mossy_cobblestone":12,"minecraft:deepslate_diamond_ore":1,"minecraft:ladder":2,"minecraft:glow_lichen":1,"spore:growths_small":7,"minecraft:hay_block":33,"farmersdelight:wild_onions":1,"minecraft:black_stained_glass_pane":1,"minecraft:furnace":1,"spore:blomfung":2,"minecraft:orange_stained_glass_pane":2,"minecraft:andesite":89,"minecraft:peony":1,"spore:rotten_stair":1,"minecraft:mossy_stone_brick_stairs":1,"minecraft:bookshelf":32,"minecraft:potatoes":1,"minecraft:deepslate_iron_ore":14,"minecraft:cobblestone_slab":4,"minecraft:vine":4,"quark:permafrost":2,"minecraft:stone":732,"minecraft:redstone_block":1,"minecraft:gray_concrete":2,"minecraft:glass_pane":2,"minecraft:dandelion":1,"minecraft:oak_fence":3,"minecraft:crafting_table":7,"minecraft:campfire":4,"minecraft:stone_slab":4,"minecraft:copper_ore":1,"minecraft:tall_grass":6,"minecraft:deepslate_gold_ore":3,"minecraft:diorite":14,"spore:bloomfung2":32,"minecraft:birch_leaves":1,"minecraft:jungle_fence":2,"spore:fungal_stem_top":3,"thermal:silver_ore":1,"minecraft:coal_ore":91,"minecraft:cocoa":1,"minecraft:gravel":113,"minecraft:cobweb":1,"minecraft:cracked_stone_bricks":5,"minecraft:polished_andesite":6,"minecraft:stone_bricks":22,"minecraft:mossy_stone_bricks":9,"minecraft:fern":19},"minecraft:killed":{"vampirism:vampire":1,"born_in_chaos_v1:restless_spirit":1,"born_in_chaos_v1:skeleton_demoman":1,"spore:braiomil":1,"minecraft:spider":2,"born_in_chaos_v1:siamese_skeletonsright":1,"born_in_chaos_v1:scarlet_persecutor":1,"minecraft:skeleton":77,"vampirism:blinding_bat":1,"werewolves:werewolf_beast":3,"minecraft:silverfish":1,"minecraft:magma_cube":65,"spore:inf_player":5,"minecraft:zombie_villager":1,"spore:scamper":1,"minecraft:creeper":10,"spore:umarmed":1,"minecraft:sheep":5,"spore:inf_villager":7,"spore:mound":1,"spore:inf_human":44,"minecraft:zombie":22,"born_in_chaos_v1:dread_hound":3,"born_in_chaos_v1:corpse_fly":16,"spore:lacerator":1,"spore:howler":1,"spore:knight":1,"werewolves:werewolf_survivalist":2,"born_in_chaos_v1:siamese_skeletonsleft":1,"mowziesmobs:naga":3,"hordes:zombie_player":11,"hmag:creeper_girl":1,"hmag:skeleton_girl":2,"born_in_chaos_v1:thornshell_crab":1,"born_in_chaos_v1:maggot":18,"hmag:zombie_girl":2,"born_in_chaos_v1:corpse_fish":5,"born_in_chaos_v1:bone_imp_minion":2,"born_in_chaos_v1:baby_skeleton":1,"born_in_chaos_v1:decrepit_skeleton":3,"spore:inf_pillager":11,"spore:inf_witch":1,"spore:inf_husk":8},"minecraft:broken":{"minecraft:golden_boots":1,"minecraft:iron_boots":1,"minecraft:iron_chestplate":1,"minecraft:iron_leggings":1,"minecraft:stone_pickaxe":3,"minecraft:golden_sword":1,"minecraft:stone_axe":2,"minecraft:iron_sword":3,"minecraft:stone_sword":1,"minecraft:leather_chestplate":1,"minecraft:wooden_pickaxe":1,"minecraft:iron_axe":1,"minecraft:iron_pickaxe":3,"minecraft:iron_helmet":3},"minecraft:crafted":{"minecraft:oak_planks":34,"minecraft:cooked_mutton":4,"minecraft:bow":1,"minecraft:stone_hoe":1,"minecraft:cooked_rabbit":2,"minecraft:golden_sword":1,"quark:blossom_planks":40,"minecraft:crafting_table":6,"minecraft:wooden_pickaxe":1,"minecraft:iron_helmet":1,"minecraft:baked_potato":9,"eatanomelette:omelette":1,"minecraft:iron_chestplate":1,"minecraft:diamond_pickaxe":1,"minecraft:stick":92,"minecraft:iron_ingot":48,"minecraft:iron_pickaxe":4,"minecraft:stone_sword":2,"minecraft:gold_ingot":3,"minecraft:wooden_sword":2,"minecraft:stone_shovel":1,"comforts:sleeping_bag_white":1,"minecraft:furnace":1,"minecraft:bone_meal":18,"quark:blossom_chest":2,"minecraft:flint_and_steel":1,"minecraft:iron_axe":1,"minecraft:stone_pickaxe":4,"minecraft:wheat":306,"minecraft:iron_sword":3,"minecraft:bucket":1,"minecraft:stone_axe":3,"minecraft:jungle_planks":16,"minecraft:bread":142,"minecraft:air":288,"minecraft:oak_boat":1,"minecraft:iron_shovel":1,"minecraft:iron_leggings":1,"minecraft:torch":105},"minecraft:custom":{"lootr:looted_stat":42,"minecraft:interact_with_crafting_table":57,"minecraft:open_barrel":1,"minecraft:eat_cake_slice":5,"minecraft:leave_game":1,"minecraft:time_since_death":10161,"minecraft:sprint_one_cm":1132948,"minecraft:damage_blocked_by_shield":2745,"minecraft:drop":87,"minecraft:play_noteblock":5,"minecraft:talked_to_villager":1,"minecraft:play_time":544859,"minecraft:deaths":70,"minecraft:jump":7489,"minecraft:walk_on_water_one_cm":243515,"minecraft:interact_with_furnace":47,"minecraft:sleep_in_bed":9,"minecraft:waystone_activated":1,"tombstone:sneak_grave":1,"minecraft:damage_dealt":55825,"minecraft:crouch_one_cm":77704,"tombstone:undead_killed":132,"minecraft:interact_with_smoker":3,"minecraft:inspect_dispenser":4,"minecraft:interact_with_smithing_table":3,"minecraft:interact_with_anvil":2,"minecraft:mob_kills":357,"minecraft:inspect_hopper":3,"minecraft:interact_with_campfire":11,"minecraft:damage_dealt_resisted":1114,"minecraft:climb_one_cm":97903,"minecraft:walk_one_cm":2535428,"minecraft:damage_dealt_absorbed":1835,"minecraft:sneak_time":19806,"minecraft:walk_under_water_one_cm":72371,"minecraft:boat_one_cm":152737,"minecraft:interact_with_lectern":1,"minecraft:total_world_time":544859,"minecraft:tune_noteblock":12,"minecraft:interact_with_grindstone":1,"minecraft:interact_with_stonecutter":2,"minecraft:time_since_rest":3127,"minecraft:damage_taken":25856,"minecraft:swim_one_cm":95103,"minecraft:fly_one_cm":1141805,"minecraft:open_chest":36,"minecraft:fall_one_cm":75579},"minecraft:used":{"minecraft:iron_shovel":2,"minecraft:ladder":2,"minecraft:shield":44,"minecraft:iron_sword":1016,"minecraft:rotten_flesh":19,"minecraft:carrot":2,"minecraft:tuff":18,"born_in_chaos_v1:corpse_maggot":14,"vampirism:item_tent":1,"minecraft:lava_bucket":17,"minecraft:stone_bricks":1,"minecraft:item_frame":1,"minecraft:golden_sword":32,"quark:blossom_chest":2,"minecraft:red_carpet":2,"minecraft:bow":111,"minecraft:furnace":2,"minecraft:skeleton_skull":1,"minecraft:potato":4,"minecraft:golden_boots":1,"minecraft:mossy_stone_bricks":8,"epicfight:skillbook":9,"minecraft:oak_planks":37,"minecraft:jungle_fence":1,"minecraft:stone_pickaxe":422,"minecraft:wooden_pickaxe":42,"minecraft:cookie":1,"minecraft:bread":109,"born_in_chaos_v1:monster_flesh":2,"minecraft:melon_slice":125,"tombstone:grave_key":20,"minecraft:oak_pressure_plate":1,"minecraft:wooden_sword":30,"born_in_chaos_v1:rotten_fish":1,"minecraft:cooked_rabbit":3,"minecraft:oak_boat":7,"minecraft:bone_meal":3,"minecraft:oak_fence":1,"minecraft:oak_trapdoor":1,"minecraft:iron_bars":1,"minecraft:stone_sword":257,"minecraft:flint_and_steel":1,"minecraft:stone_shovel":67,"minecraft:stone_hoe":15,"minecraft:torch":313,"minecraft:dirt":140,"minecraft:white_carpet":3,"minecraft:iron_axe":141,"eatanomelette:omelette":1,"evilcraft:box_of_eternal_closure":1,"evilcraft:flesh_humanoid":1,"minecraft:melon_seeds":1,"minecraft:tripwire_hook":4,"comforts:sleeping_bag_white":2,"tombstone:gift":12,"minecraft:cooked_beef":6,"minecraft:cobbled_deepslate":7,"minecraft:cooked_mutton":4,"minecraft:water_bucket":28,"minecraft:polished_andesite":6,"minecraft:baked_potato":21,"minecraft:mossy_cobblestone":6,"farmersdelight:onion":2,"minecraft:crafting_table":12,"minecraft:red_bed":1,"minecraft:white_bed":2,"minecraft:cod":7,"tombstone:bag_of_seeds":1,"minecraft:oak_log":3,"minecraft:diamond_pickaxe":7,"minecraft:apple":22,"minecraft:iron_pickaxe":1109,"minecraft:stone_axe":257,"minecraft:cobblestone":493,"minecraft:bucket":47,"minecraft:pumpkin_pie":1}},"DataVersion":3120}