{"stats":{"minecraft:crafted":{"minecraft:crafting_table":1,"minecraft:stick":8,"minecraft:stone_pickaxe":1,"minecraft:wooden_pickaxe":1,"minecraft:stone_sword":1,"minecraft:torch":4,"minecraft:stone_axe":1,"minecraft:air":33,"minecraft:jungle_planks":16},"minecraft:used":{"minecraft:stone_sword":12,"minecraft:stone_pickaxe":88,"minecraft:wooden_pickaxe":42,"minecraft:stone_axe":13,"minecraft:torch":9,"minecraft:dirt":38,"minecraft:crafting_table":2,"tombstone:gift":4},"minecraft:killed_by":{"mowziesmobs:naga":1,"hmag:creeper_girl":1,"spore:busser":1,"minecraft:creeper":1,"born_in_chaos_v1:corpse_fish":1},"minecraft:picked_up":{"minecraft:cocoa_beans":3,"minecraft:stick":3,"minecraft:crafting_table":2,"spore:cerebrum":2,"minecraft:jungle_log":7,"minecraft:torch":5,"minecraft:gravel":3,"quark:blossom_log":10,"minecraft:grass_block":1,"butchersdelight:goat_fur":1,"minecraft:dirt":54,"mowziesmobs:naga_fang":2,"butchersdelight:deadsheep":1,"minecraft:arrow":2,"minecraft:bone":1,"immersiveengineering:seed":1,"minecraft:wheat_seeds":3,"mysticalagriculture:inferium_essence":2,"minecraft:glowstone_dust":2,"minecraft:white_wool":1,"minecraft:coal":40,"minecraft:cobblestone":56,"minecraft:egg":1},"minecraft:mined":{"minecraft:crafting_table":2,"minecraft:torch":4,"minecraft:gravel":3,"minecraft:grass":8,"minecraft:coal_ore":44,"minecraft:grass_block":6,"minecraft:cocoa":1,"minecraft:vine":1,"minecraft:jungle_log":7,"quark:blossom_log":10,"minecraft:dirt":31,"minecraft:tall_grass":2,"minecraft:stone":57,"minecraft:fern":1},"minecraft:custom":{"minecraft:time_since_rest":3571,"minecraft:sprint_one_cm":89841,"minecraft:damage_taken":1415,"minecraft:walk_one_cm":92878,"tombstone:sneak_grave":1,"minecraft:mob_kills":2,"minecraft:damage_dealt":594,"minecraft:interact_with_crafting_table":5,"minecraft:swim_one_cm":25968,"minecraft:fly_one_cm":148719,"minecraft:crouch_one_cm":5939,"minecraft:play_time":29295,"minecraft:deaths":5,"minecraft:sneak_time":1824,"minecraft:walk_under_water_one_cm":6718,"minecraft:jump":357,"minecraft:walk_on_water_one_cm":25729,"minecraft:time_since_death":5516,"minecraft:climb_one_cm":475,"minecraft:total_world_time":29295,"minecraft:fall_one_cm":2531},"minecraft:broken":{"minecraft:wooden_pickaxe":1},"minecraft:killed":{"minecraft:sheep":1,"spore:inf_witch":1}},"DataVersion":3120}