{"stats":{"minecraft:crafted":{"minecraft:oak_planks":26,"minecraft:bow":1,"minecraft:stone_hoe":1,"minecraft:golden_sword":1,"quark:blossom_planks":40,"minecraft:crafting_table":3,"minecraft:wooden_pickaxe":1,"minecraft:iron_helmet":1,"eatanomelette:omelette":1,"minecraft:iron_chestplate":1,"minecraft:stick":84,"minecraft:iron_ingot":47,"minecraft:iron_pickaxe":4,"minecraft:stone_sword":2,"minecraft:gold_ingot":3,"minecraft:stone_shovel":1,"minecraft:furnace":1,"minecraft:bone_meal":18,"quark:blossom_chest":2,"minecraft:iron_axe":1,"minecraft:stone_pickaxe":4,"minecraft:iron_sword":3,"minecraft:bucket":1,"minecraft:stone_axe":3,"minecraft:jungle_planks":16,"minecraft:air":188,"minecraft:oak_boat":1,"minecraft:iron_leggings":1,"minecraft:torch":95},"minecraft:used":{"minecraft:shield":1,"minecraft:iron_sword":755,"minecraft:rotten_flesh":13,"minecraft:tuff":18,"born_in_chaos_v1:corpse_maggot":11,"vampirism:item_tent":1,"minecraft:lava_bucket":7,"minecraft:golden_sword":32,"quark:blossom_chest":2,"minecraft:bow":107,"minecraft:furnace":2,"epicfight:skillbook":9,"minecraft:stone_pickaxe":422,"minecraft:wooden_pickaxe":42,"minecraft:melon_slice":125,"born_in_chaos_v1:monster_flesh":2,"minecraft:bread":1,"tombstone:grave_key":17,"minecraft:cooked_rabbit":1,"minecraft:oak_boat":1,"minecraft:bone_meal":3,"minecraft:stone_sword":257,"minecraft:stone_shovel":67,"minecraft:stone_hoe":15,"minecraft:torch":282,"minecraft:dirt":118,"minecraft:iron_axe":141,"eatanomelette:omelette":1,"evilcraft:box_of_eternal_closure":1,"evilcraft:flesh_humanoid":1,"minecraft:melon_seeds":1,"tombstone:gift":12,"minecraft:cooked_beef":3,"minecraft:cobbled_deepslate":7,"minecraft:water_bucket":16,"minecraft:baked_potato":1,"farmersdelight:onion":2,"minecraft:crafting_table":8,"minecraft:red_bed":1,"minecraft:cod":7,"tombstone:bag_of_seeds":1,"minecraft:apple":11,"minecraft:iron_pickaxe":848,"minecraft:stone_axe":139,"minecraft:cobblestone":397,"minecraft:bucket":23},"minecraft:killed_by":{"mowziesmobs:naga":1,"spore:slasher":1,"vampirism:advanced_vampire":1,"minecraft:creeper":4,"spore:scamper":1,"spore:inf_human":3,"born_in_chaos_v1:corpse_fly":1,"hmag:creeper_girl":2,"spore:inf_pillager":1,"spore:inf_player":5,"spore:inf_husk":2,"spore:inf_villager":2,"spore:braiomil":1,"spore:umarmed":1,"spore:busser":5,"spore:thorn":1,"spore:usurper":4,"minecraft:skeleton":3,"spore:wave":1,"born_in_chaos_v1:corpse_fish":2,"spore:inf_witch":1,"born_in_chaos_v1:dread_hound":1,"werewolves:werewolf_survivalist":1},"minecraft:picked_up":{"spore:mutated_heart":24,"minecraft:redstone_block":1,"minecraft:stone_slab":4,"minecraft:stone_brick_stairs":1,"minecraft:string":15,"minecraft:raw_copper":5,"minecraft:oak_sign":1,"thermal:sulfur":8,"immersiveengineering:raw_lead":4,"mysticalagriculture:inferium_essence":86,"minecraft:cobbled_deepslate":69,"minecraft:spruce_planks":7,"hmag:bat_wing":17,"minecraft:cobblestone_slab":4,"minecraft:smooth_quartz":8,"minecraft:melon_slice":126,"minecraft:furnace":1,"minecraft:spruce_pressure_plate":1,"minecraft:stick":3,"minecraft:torch":101,"epicfight:skillbook":7,"quark:blossom_log":10,"tombstone:grave_dust":14,"minecraft:diorite":20,"minecraft:stone_sword":1,"minecraft:rotten_flesh":25,"farmersdelight:onion":1,"minecraft:iron_bars":7,"minecraft:cobblestone":721,"minecraft:leather_chestplate":1,"minecraft:iron_door":3,"minecraft:andesite":73,"minecraft:jungle_log":7,"minecraft:chiseled_quartz_block":7,"minecraft:potato":1,"paraglider:spirit_orb":18,"minecraft:flint":5,"minecraft:tuff":37,"butchersdelight:goat_fur":2,"minecraft:gray_concrete":2,"minecraft:dirt":186,"born_in_chaos_v1:monster_skin":2,"minecraft:bone":89,"minecraft:wheat_seeds":25,"minecraft:raw_gold":3,"minecraft:glowstone_dust":2,"minecraft:mossy_stone_brick_stairs":1,"thermal:raw_tin":3,"spore:cerebrum":10,"spore:armor_fragment":5,"minecraft:grass_block":1,"minecraft:mossy_cobblestone":3,"minecraft:bundle":6,"spore:claw_fragment":15,"minecraft:light_gray_concrete":9,"minecraft:diamond":1,"minecraft:granite":86,"minecraft:bone_meal":1,"werewolves:cracked_bone":12,"spore:spine_fragment":1,"born_in_chaos_v1:rotten_fish":3,"minecraft:cocoa_beans":3,"minecraft:crafting_table":6,"minecraft:allium":2,"thermal:raw_silver":1,"minecraft:redstone_lamp":2,"minecraft:red_bed":1,"thermal:raw_nickel":2,"born_in_chaos_v1:intoxicating_decoction":1,"minecraft:cracked_stone_bricks":4,"minecraft:beef":1,"minecraft:oak_boat":1,"minecraft:jungle_sapling":1,"minecraft:spruce_slab":8,"minecraft:egg":1,"minecraft:raw_iron":41,"spore:tumor":1,"werewolves:raw_silver":2,"minecraft:arrow":78,"butchersdelight:deadsheep":1,"minecraft:peony":1,"spore:alveolic_sack":2,"spore:tendons":3,"minecraft:white_wool":1,"born_in_chaos_v1:corpse_maggot":15,"born_in_chaos_v1:monster_flesh":3,"vampirism:item_tent":1,"minecraft:oak_log":13,"minecraft:gunpowder":8,"tombstone:gift":1,"botania:black_mystical_flower":1,"spore:infested_deepslate":2,"minecraft:apple":4,"minecraft:stone_bricks":3,"tombstone:bag_of_seeds":1,"spore:mutated_fiber":171,"minecraft:iron_sword":1,"minecraft:book":6,"quark:light_gray_shard":32,"minecraft:gravel":155,"minecraft:spruce_sapling":3,"minecraft:spider_eye":1,"mowziesmobs:naga_fang":4,"immersiveengineering:seed":13,"tombstone:magic_scroll":3,"minecraft:melon_seeds":1,"minecraft:coal":119},"minecraft:custom":{"lootr:looted_stat":21,"minecraft:interact_with_crafting_table":45,"minecraft:eat_cake_slice":5,"minecraft:time_since_death":12004,"minecraft:sprint_one_cm":805030,"minecraft:damage_blocked_by_shield":30,"minecraft:drop":74,"minecraft:play_noteblock":4,"minecraft:play_time":395295,"minecraft:deaths":49,"minecraft:jump":6024,"minecraft:walk_on_water_one_cm":163172,"minecraft:interact_with_furnace":30,"minecraft:sleep_in_bed":3,"tombstone:sneak_grave":1,"minecraft:damage_dealt":42773,"minecraft:crouch_one_cm":65128,"tombstone:undead_killed":94,"minecraft:inspect_dispenser":4,"minecraft:mob_kills":261,"minecraft:inspect_hopper":3,"minecraft:damage_dealt_resisted":869,"minecraft:climb_one_cm":57387,"minecraft:walk_one_cm":1796669,"minecraft:damage_dealt_absorbed":1835,"minecraft:sneak_time":16421,"minecraft:walk_under_water_one_cm":42132,"minecraft:boat_one_cm":40915,"minecraft:total_world_time":395295,"minecraft:tune_noteblock":12,"minecraft:interact_with_stonecutter":2,"minecraft:time_since_rest":6690,"minecraft:damage_taken":17701,"minecraft:swim_one_cm":56245,"minecraft:fly_one_cm":847949,"minecraft:open_chest":36,"minecraft:fall_one_cm":52007},"minecraft:mined":{"spore:fungal_roots":1,"minecraft:spruce_planks":7,"thermal:sulfur_ore":2,"minecraft:jungle_leaves":5,"thermal:tin_ore":2,"minecraft:granite":92,"minecraft:grass_block":15,"minecraft:jungle_log":7,"minecraft:oak_wall_sign":1,"mysticalagriculture:inferium_ore":4,"minecraft:spawner":9,"minecraft:cobbled_deepslate":2,"minecraft:iron_ore":27,"minecraft:fire":3,"spore:growth_mycelium":3,"vampirism:tent":1,"minecraft:iron_bars":7,"minecraft:light_gray_concrete":6,"immersiveengineering:ore_lead":4,"minecraft:spruce_slab":8,"minecraft:tripwire":4,"minecraft:red_bed":1,"minecraft:chiseled_quartz_block":7,"spore:growths_big":10,"minecraft:torch":17,"minecraft:melon":28,"quark:blossom_log":10,"minecraft:cobblestone":66,"minecraft:iron_door":2,"minecraft:wall_torch":43,"botania:black_mystical_flower":1,"minecraft:light_gray_stained_glass":11,"minecraft:stone_brick_stairs":2,"minecraft:grass":78,"minecraft:oak_log":11,"minecraft:dirt":117,"minecraft:smooth_quartz":8,"spore:hanging_fungal_stem":2,"spore:remains":1,"werewolves:silver_ore":2,"minecraft:oak_leaves":4,"mysticalagriculture:deepslate_inferium_ore":1,"minecraft:deepslate":54,"minecraft:redstone_lamp":2,"minecraft:tuff":37,"spore:wall_growths_big":1,"minecraft:light_gray_stained_glass_pane":2,"minecraft:mossy_cobblestone":3,"minecraft:deepslate_diamond_ore":1,"minecraft:glow_lichen":1,"spore:growths_small":3,"farmersdelight:wild_onions":1,"minecraft:black_stained_glass_pane":1,"minecraft:furnace":1,"spore:blomfung":2,"minecraft:andesite":70,"minecraft:peony":1,"minecraft:mossy_stone_brick_stairs":1,"minecraft:bookshelf":2,"minecraft:potatoes":1,"minecraft:deepslate_iron_ore":14,"minecraft:vine":4,"minecraft:cobblestone_slab":4,"minecraft:stone":634,"minecraft:redstone_block":1,"minecraft:gray_concrete":2,"minecraft:oak_fence":1,"minecraft:crafting_table":6,"minecraft:stone_slab":4,"minecraft:tall_grass":2,"minecraft:copper_ore":1,"minecraft:deepslate_gold_ore":3,"minecraft:diorite":14,"spore:bloomfung2":8,"minecraft:birch_leaves":1,"thermal:silver_ore":1,"minecraft:coal_ore":91,"minecraft:cocoa":1,"minecraft:gravel":111,"minecraft:cracked_stone_bricks":4,"minecraft:stone_bricks":3,"minecraft:fern":19},"minecraft:broken":{"minecraft:iron_boots":1,"minecraft:iron_chestplate":1,"minecraft:stone_pickaxe":3,"minecraft:golden_sword":1,"minecraft:stone_axe":1,"minecraft:iron_sword":3,"minecraft:stone_sword":1,"minecraft:wooden_pickaxe":1,"minecraft:iron_axe":1,"minecraft:iron_pickaxe":3,"minecraft:iron_helmet":1},"minecraft:dropped":{"minecraft:iron_sword":1,"botania:black_mystical_flower":1,"farmersdelight:rice":1,"minecraft:dirt":2,"quark:light_gray_shard":32,"minecraft:jungle_sapling":1,"minecraft:bone":2,"minecraft:gravel":96,"minecraft:cobbled_deepslate":10,"minecraft:rotten_flesh":9,"werewolves:raw_silver":1,"evilcraft:flesh_humanoid":1,"minecraft:leather_chestplate":1,"mysticalagriculture:inferium_essence":13,"born_in_chaos_v1:corpse_maggot":2,"minecraft:spruce_slab":7,"immersiveengineering:seed":6,"born_in_chaos_v1:intoxicating_decoction":1,"minecraft:wheat_seeds":10,"minecraft:tnt":1,"mowziesmobs:foliaath_seed":1,"minecraft:cobblestone":130,"minecraft:granite":30,"minecraft:diorite":12,"minecraft:melon_slice":1,"minecraft:smooth_quartz":1,"spore:mutated_heart":1,"butchersdelight:goat_fur":2,"minecraft:tuff":8,"spore:mutated_fiber":4,"minecraft:pumpkin_seeds":3,"minecraft:allium":2,"minecraft:bundle":2,"minecraft:andesite":40},"minecraft:killed":{"vampirism:vampire":1,"born_in_chaos_v1:restless_spirit":1,"spore:braiomil":1,"minecraft:spider":1,"minecraft:skeleton":76,"vampirism:blinding_bat":1,"werewolves:werewolf_beast":3,"minecraft:silverfish":1,"minecraft:magma_cube":65,"spore:inf_player":5,"minecraft:creeper":6,"spore:umarmed":1,"minecraft:sheep":1,"spore:inf_villager":5,"spore:mound":1,"minecraft:zombie":6,"spore:inf_human":32,"born_in_chaos_v1:corpse_fly":7,"spore:lacerator":1,"spore:howler":1,"spore:knight":1,"mowziesmobs:naga":3,"hmag:creeper_girl":1,"hmag:skeleton_girl":2,"born_in_chaos_v1:maggot":5,"hmag:zombie_girl":1,"born_in_chaos_v1:corpse_fish":2,"born_in_chaos_v1:decrepit_skeleton":1,"spore:inf_pillager":9,"spore:inf_witch":1,"spore:inf_husk":8}},"DataVersion":3120}