{"stats":{"minecraft:crafted":{"minecraft:crafting_table":2,"minecraft:stick":16,"minecraft:stone_pickaxe":4,"minecraft:wooden_pickaxe":1,"minecraft:stone_sword":1,"minecraft:torch":12,"minecraft:stone_axe":1,"minecraft:air":34,"minecraft:jungle_planks":16},"minecraft:used":{"minecraft:stone_sword":12,"minecraft:stone_pickaxe":363,"minecraft:wooden_pickaxe":42,"minecraft:cobblestone":11,"minecraft:stone_axe":14,"minecraft:torch":29,"minecraft:dirt":68,"minecraft:crafting_table":4,"tombstone:gift":4},"minecraft:killed_by":{"mowziesmobs:naga":1,"hmag:creeper_girl":1,"spore:busser":1,"minecraft:creeper":1,"born_in_chaos_v1:corpse_fish":1},"minecraft:picked_up":{"thermal:raw_tin":2,"minecraft:cocoa_beans":3,"minecraft:stick":3,"minecraft:crafting_table":3,"spore:cerebrum":2,"minecraft:jungle_log":7,"minecraft:torch":10,"minecraft:gravel":21,"quark:blossom_log":10,"minecraft:grass_block":1,"minecraft:raw_copper":5,"butchersdelight:goat_fur":1,"minecraft:dirt":95,"mowziesmobs:naga_fang":2,"butchersdelight:deadsheep":1,"minecraft:arrow":2,"minecraft:bone":1,"immersiveengineering:seed":1,"minecraft:wheat_seeds":3,"mysticalagriculture:inferium_essence":7,"minecraft:granite":23,"minecraft:glowstone_dust":2,"minecraft:raw_iron":8,"minecraft:white_wool":1,"minecraft:coal":44,"minecraft:cobblestone":250,"minecraft:egg":1},"minecraft:mined":{"minecraft:iron_ore":8,"thermal:tin_ore":2,"minecraft:granite":24,"minecraft:crafting_table":3,"minecraft:torch":7,"minecraft:gravel":19,"minecraft:grass":8,"minecraft:coal_ore":48,"minecraft:grass_block":6,"minecraft:cocoa":1,"minecraft:vine":1,"minecraft:jungle_log":7,"quark:blossom_log":10,"minecraft:dirt":72,"minecraft:copper_ore":1,"minecraft:tall_grass":2,"minecraft:cobblestone":3,"minecraft:stone":249,"mysticalagriculture:inferium_ore":2,"minecraft:fern":1},"minecraft:custom":{"minecraft:time_since_rest":15571,"minecraft:sprint_one_cm":90442,"minecraft:damage_taken":1415,"minecraft:walk_one_cm":116394,"tombstone:sneak_grave":1,"minecraft:mob_kills":2,"minecraft:damage_dealt":594,"minecraft:interact_with_crafting_table":7,"minecraft:swim_one_cm":25968,"minecraft:fly_one_cm":149182,"minecraft:crouch_one_cm":6926,"minecraft:play_time":41295,"minecraft:deaths":5,"minecraft:sneak_time":2289,"minecraft:walk_under_water_one_cm":12542,"minecraft:jump":413,"minecraft:walk_on_water_one_cm":26575,"minecraft:time_since_death":17516,"minecraft:climb_one_cm":475,"minecraft:total_world_time":41295,"minecraft:fall_one_cm":2531},"minecraft:broken":{"minecraft:stone_pickaxe":2,"minecraft:wooden_pickaxe":1},"minecraft:killed":{"minecraft:sheep":1,"spore:inf_witch":1}},"DataVersion":3120}