{"stats":{"minecraft:crafted":{"minecraft:oak_planks":28,"minecraft:cooked_mutton":4,"minecraft:bow":1,"minecraft:stone_hoe":1,"minecraft:cooked_rabbit":2,"minecraft:golden_sword":1,"quark:blossom_planks":40,"minecraft:crafting_table":3,"minecraft:baked_potato":9,"minecraft:wooden_pickaxe":1,"minecraft:iron_helmet":1,"eatanomelette:omelette":1,"minecraft:iron_chestplate":1,"minecraft:stick":84,"minecraft:iron_ingot":48,"minecraft:iron_pickaxe":4,"minecraft:stone_sword":2,"minecraft:gold_ingot":3,"minecraft:stone_shovel":1,"minecraft:furnace":1,"minecraft:bone_meal":18,"quark:blossom_chest":2,"minecraft:iron_axe":1,"minecraft:stone_pickaxe":4,"minecraft:iron_sword":3,"minecraft:bucket":1,"minecraft:stone_axe":3,"minecraft:jungle_planks":16,"minecraft:air":205,"minecraft:oak_boat":1,"minecraft:iron_leggings":1,"minecraft:torch":95},"minecraft:used":{"minecraft:shield":1,"minecraft:iron_sword":781,"minecraft:rotten_flesh":19,"minecraft:carrot":2,"minecraft:tuff":18,"born_in_chaos_v1:corpse_maggot":14,"vampirism:item_tent":1,"minecraft:lava_bucket":7,"minecraft:item_frame":1,"minecraft:golden_sword":32,"quark:blossom_chest":2,"minecraft:bow":111,"minecraft:furnace":2,"minecraft:potato":4,"epicfight:skillbook":9,"minecraft:stone_pickaxe":422,"minecraft:wooden_pickaxe":42,"minecraft:cookie":1,"minecraft:melon_slice":125,"born_in_chaos_v1:monster_flesh":2,"minecraft:bread":3,"tombstone:grave_key":17,"minecraft:cooked_rabbit":3,"minecraft:oak_boat":1,"minecraft:bone_meal":3,"minecraft:oak_trapdoor":1,"minecraft:oak_fence":1,"minecraft:stone_sword":257,"minecraft:stone_shovel":67,"minecraft:stone_hoe":15,"minecraft:torch":282,"minecraft:dirt":118,"minecraft:iron_axe":141,"eatanomelette:omelette":1,"evilcraft:box_of_eternal_closure":1,"evilcraft:flesh_humanoid":1,"minecraft:melon_seeds":1,"tombstone:gift":12,"minecraft:cooked_beef":6,"minecraft:cobbled_deepslate":7,"minecraft:cooked_mutton":4,"minecraft:water_bucket":16,"minecraft:baked_potato":13,"farmersdelight:onion":2,"minecraft:crafting_table":8,"minecraft:red_bed":1,"minecraft:cod":7,"minecraft:oak_log":1,"tombstone:bag_of_seeds":1,"minecraft:apple":22,"minecraft:iron_pickaxe":857,"minecraft:stone_axe":196,"minecraft:cobblestone":402,"minecraft:bucket":23,"minecraft:pumpkin_pie":1},"minecraft:killed_by":{"mowziesmobs:naga":1,"spore:slasher":1,"vampirism:advanced_vampire":1,"minecraft:creeper":4,"spore:scamper":1,"spore:inf_human":3,"born_in_chaos_v1:corpse_fly":1,"hmag:creeper_girl":2,"spore:inf_pillager":1,"spore:inf_player":5,"spore:inf_husk":2,"spore:inf_villager":2,"spore:braiomil":1,"spore:umarmed":1,"spore:busser":5,"spore:thorn":1,"spore:usurper":4,"minecraft:skeleton":3,"spore:wave":1,"born_in_chaos_v1:corpse_fish":2,"spore:inf_witch":1,"born_in_chaos_v1:dread_hound":1,"werewolves:werewolf_survivalist":1},"minecraft:picked_up":{"spore:mutated_heart":24,"minecraft:wheat":1,"minecraft:redstone_block":1,"minecraft:stone_slab":4,"minecraft:oak_stairs":10,"minecraft:stone_brick_stairs":1,"minecraft:string":15,"minecraft:raw_copper":5,"minecraft:smooth_stone_slab":1,"minecraft:oak_sign":2,"thermal:sulfur":8,"immersiveengineering:raw_lead":4,"mysticalagriculture:inferium_essence":92,"minecraft:cobbled_deepslate":69,"minecraft:spruce_planks":7,"hmag:bat_wing":17,"minecraft:cobblestone_slab":4,"minecraft:iron_pickaxe":1,"minecraft:smooth_quartz":8,"minecraft:melon_slice":126,"minecraft:furnace":1,"minecraft:spruce_pressure_plate":1,"minecraft:stick":3,"minecraft:oak_fence":1,"minecraft:torch":101,"epicfight:skillbook":7,"quark:blossom_log":10,"tombstone:grave_dust":15,"minecraft:diorite":20,"minecraft:stone_sword":1,"minecraft:rotten_flesh":34,"farmersdelight:onion":1,"minecraft:iron_block":1,"minecraft:iron_bars":7,"minecraft:cobblestone":722,"minecraft:leather_chestplate":1,"minecraft:iron_door":3,"minecraft:andesite":73,"minecraft:jungle_log":7,"minecraft:chiseled_quartz_block":7,"minecraft:potato":11,"paraglider:spirit_orb":18,"minecraft:flint":5,"minecraft:tuff":37,"butchersdelight:goat_fur":2,"minecraft:gray_concrete":2,"minecraft:dirt":197,"minecraft:lantern":2,"born_in_chaos_v1:monster_skin":2,"minecraft:bone":98,"minecraft:wheat_seeds":30,"minecraft:raw_gold":3,"minecraft:rabbit":2,"minecraft:glowstone_dust":2,"minecraft:mossy_stone_brick_stairs":1,"thermal:raw_tin":3,"spore:cerebrum":10,"spore:armor_fragment":5,"minecraft:oak_pressure_plate":2,"minecraft:grass_block":1,"minecraft:mossy_cobblestone":3,"minecraft:bundle":7,"spore:claw_fragment":15,"minecraft:light_gray_concrete":9,"minecraft:diamond":1,"minecraft:granite":86,"minecraft:bone_meal":1,"werewolves:cracked_bone":12,"spore:spine_fragment":1,"born_in_chaos_v1:rotten_fish":3,"minecraft:charcoal":8,"minecraft:cocoa_beans":3,"minecraft:crafting_table":6,"minecraft:allium":2,"born_in_chaos_v1:seedof_chaos":2,"thermal:raw_silver":1,"minecraft:redstone_lamp":2,"minecraft:stone_brick_wall":5,"minecraft:oak_trapdoor":1,"minecraft:red_bed":1,"thermal:raw_nickel":2,"born_in_chaos_v1:intoxicating_decoction":1,"minecraft:item_frame":3,"minecraft:cracked_stone_bricks":4,"minecraft:beef":1,"quark:permafrost":2,"minecraft:oak_boat":1,"minecraft:jungle_sapling":1,"minecraft:poppy":1,"minecraft:spruce_slab":8,"minecraft:egg":1,"minecraft:raw_iron":41,"spore:tumor":1,"minecraft:oak_door":1,"werewolves:raw_silver":2,"minecraft:cookie":1,"minecraft:stone_button":1,"minecraft:carrot":1,"minecraft:arrow":78,"butchersdelight:deadsheep":5,"minecraft:beetroot_seeds":1,"minecraft:pumpkin_pie":1,"minecraft:peony":1,"spore:alveolic_sack":2,"spore:tendons":3,"minecraft:mutton":4,"minecraft:white_wool":5,"born_in_chaos_v1:corpse_maggot":22,"born_in_chaos_v1:monster_flesh":3,"vampirism:item_tent":1,"minecraft:oak_log":15,"minecraft:gunpowder":9,"tombstone:gift":1,"botania:black_mystical_flower":1,"spore:infested_deepslate":2,"minecraft:apple":4,"minecraft:stone_bricks":12,"tombstone:bag_of_seeds":1,"spore:mutated_fiber":171,"minecraft:iron_sword":2,"minecraft:book":97,"quark:light_gray_shard":32,"minecraft:dandelion":3,"minecraft:gravel":155,"minecraft:spruce_sapling":3,"minecraft:white_bed":1,"minecraft:spider_eye":1,"mowziesmobs:naga_fang":4,"immersiveengineering:seed":14,"minecraft:stone_axe":1,"minecraft:painting":1,"minecraft:baked_potato":11,"tombstone:magic_scroll":3,"minecraft:melon_seeds":1,"minecraft:coal":119},"minecraft:custom":{"lootr:looted_stat":24,"minecraft:interact_with_crafting_table":45,"minecraft:eat_cake_slice":5,"minecraft:time_since_death":36004,"minecraft:sprint_one_cm":853973,"minecraft:damage_blocked_by_shield":30,"minecraft:drop":75,"minecraft:play_noteblock":4,"minecraft:talked_to_villager":1,"minecraft:play_time":419295,"minecraft:deaths":49,"minecraft:jump":6277,"minecraft:walk_on_water_one_cm":163878,"minecraft:interact_with_furnace":44,"minecraft:sleep_in_bed":4,"tombstone:sneak_grave":1,"minecraft:damage_dealt":44936,"minecraft:crouch_one_cm":65762,"tombstone:undead_killed":101,"minecraft:interact_with_smoker":3,"minecraft:inspect_dispenser":4,"minecraft:interact_with_smithing_table":3,"minecraft:interact_with_anvil":2,"minecraft:mob_kills":281,"minecraft:inspect_hopper":3,"minecraft:interact_with_campfire":11,"minecraft:damage_dealt_resisted":1070,"minecraft:climb_one_cm":58799,"minecraft:walk_one_cm":2010660,"minecraft:damage_dealt_absorbed":1835,"minecraft:sneak_time":16523,"minecraft:walk_under_water_one_cm":42132,"minecraft:boat_one_cm":40915,"minecraft:total_world_time":419295,"minecraft:tune_noteblock":12,"minecraft:interact_with_grindstone":1,"minecraft:interact_with_stonecutter":2,"minecraft:time_since_rest":16928,"minecraft:damage_taken":18434,"minecraft:swim_one_cm":56245,"minecraft:fly_one_cm":891064,"minecraft:open_chest":36,"minecraft:fall_one_cm":56023},"minecraft:mined":{"spore:fungal_roots":1,"minecraft:spruce_planks":7,"thermal:sulfur_ore":2,"minecraft:jungle_leaves":5,"thermal:tin_ore":2,"minecraft:granite":92,"minecraft:stone_brick_wall":3,"minecraft:grass_block":15,"minecraft:jungle_log":7,"minecraft:oak_pressure_plate":1,"minecraft:oak_wall_sign":1,"mysticalagriculture:inferium_ore":4,"minecraft:spawner":9,"minecraft:cobbled_deepslate":2,"minecraft:iron_ore":27,"minecraft:fire":3,"spore:growth_mycelium":3,"vampirism:tent":1,"minecraft:oak_stairs":2,"minecraft:iron_bars":7,"minecraft:light_gray_concrete":6,"immersiveengineering:ore_lead":4,"minecraft:iron_block":1,"minecraft:spruce_slab":8,"minecraft:tripwire":4,"minecraft:red_bed":1,"minecraft:chiseled_quartz_block":7,"spore:growths_big":10,"minecraft:torch":17,"minecraft:melon":28,"minecraft:white_stained_glass_pane":1,"quark:blossom_log":10,"minecraft:cobblestone":67,"minecraft:iron_door":2,"minecraft:wall_torch":43,"botania:black_mystical_flower":1,"minecraft:light_gray_stained_glass":11,"minecraft:stone_brick_stairs":2,"minecraft:grass":79,"minecraft:oak_log":12,"minecraft:dirt":117,"minecraft:smooth_quartz":8,"spore:hanging_fungal_stem":2,"spore:remains":1,"werewolves:silver_ore":2,"minecraft:oak_leaves":4,"mysticalagriculture:deepslate_inferium_ore":1,"minecraft:deepslate":54,"minecraft:redstone_lamp":2,"minecraft:tuff":37,"spore:wall_growths_big":1,"minecraft:light_gray_stained_glass_pane":2,"minecraft:mossy_cobblestone":3,"minecraft:deepslate_diamond_ore":1,"minecraft:glow_lichen":1,"spore:growths_small":3,"farmersdelight:wild_onions":1,"minecraft:black_stained_glass_pane":1,"minecraft:furnace":1,"spore:blomfung":2,"minecraft:andesite":70,"minecraft:peony":1,"minecraft:mossy_stone_brick_stairs":1,"minecraft:bookshelf":32,"minecraft:potatoes":1,"minecraft:deepslate_iron_ore":14,"minecraft:vine":4,"minecraft:cobblestone_slab":4,"quark:permafrost":2,"minecraft:stone":634,"minecraft:redstone_block":1,"minecraft:gray_concrete":2,"minecraft:glass_pane":1,"minecraft:oak_fence":2,"minecraft:crafting_table":6,"minecraft:campfire":4,"minecraft:stone_slab":4,"minecraft:tall_grass":2,"minecraft:copper_ore":1,"minecraft:deepslate_gold_ore":3,"minecraft:diorite":14,"spore:bloomfung2":8,"minecraft:birch_leaves":1,"thermal:silver_ore":1,"minecraft:coal_ore":91,"minecraft:cocoa":1,"minecraft:gravel":111,"minecraft:cracked_stone_bricks":4,"minecraft:stone_bricks":4,"minecraft:fern":19},"minecraft:broken":{"minecraft:iron_boots":1,"minecraft:iron_chestplate":1,"minecraft:stone_pickaxe":3,"minecraft:golden_sword":1,"minecraft:stone_axe":1,"minecraft:iron_sword":3,"minecraft:stone_sword":1,"minecraft:wooden_pickaxe":1,"minecraft:iron_axe":1,"minecraft:iron_pickaxe":3,"minecraft:iron_helmet":2},"minecraft:dropped":{"minecraft:iron_sword":1,"botania:black_mystical_flower":1,"farmersdelight:rice":1,"minecraft:dirt":2,"quark:light_gray_shard":32,"minecraft:jungle_sapling":1,"minecraft:bone":2,"minecraft:gravel":96,"minecraft:cobbled_deepslate":10,"minecraft:rotten_flesh":9,"werewolves:raw_silver":1,"evilcraft:flesh_humanoid":1,"minecraft:leather_chestplate":1,"mysticalagriculture:inferium_essence":13,"born_in_chaos_v1:corpse_maggot":2,"minecraft:spruce_slab":7,"immersiveengineering:seed":6,"born_in_chaos_v1:intoxicating_decoction":1,"minecraft:wheat_seeds":10,"minecraft:tnt":1,"mowziesmobs:foliaath_seed":1,"minecraft:cobblestone":130,"minecraft:granite":30,"minecraft:diorite":12,"minecraft:melon_slice":1,"minecraft:smooth_quartz":1,"spore:mutated_heart":1,"butchersdelight:goat_fur":2,"minecraft:tuff":8,"spore:mutated_fiber":4,"minecraft:pumpkin_seeds":3,"minecraft:potato":1,"minecraft:allium":2,"minecraft:bundle":2,"minecraft:andesite":40},"minecraft:killed":{"vampirism:vampire":1,"born_in_chaos_v1:restless_spirit":1,"spore:braiomil":1,"minecraft:spider":1,"minecraft:skeleton":76,"vampirism:blinding_bat":1,"werewolves:werewolf_beast":3,"minecraft:silverfish":1,"minecraft:magma_cube":65,"spore:inf_player":5,"minecraft:creeper":7,"spore:umarmed":1,"minecraft:sheep":5,"spore:inf_villager":5,"spore:mound":1,"minecraft:zombie":10,"spore:inf_human":32,"born_in_chaos_v1:corpse_fly":14,"spore:lacerator":1,"spore:howler":1,"spore:knight":1,"mowziesmobs:naga":3,"hmag:creeper_girl":1,"hmag:skeleton_girl":2,"born_in_chaos_v1:maggot":5,"hmag:zombie_girl":1,"born_in_chaos_v1:corpse_fish":2,"born_in_chaos_v1:bone_imp_minion":2,"born_in_chaos_v1:decrepit_skeleton":2,"spore:inf_pillager":9,"spore:inf_witch":1,"spore:inf_husk":8}},"DataVersion":3120}