{"stats":{"minecraft:dropped":{"minecraft:iron_sword":3,"minecraft:diamond":3,"minecraft:granite":10,"minecraft:stick":1,"minecraft:dirt":2,"minecraft:diorite":37,"minecraft:cornflower":1,"minecraft:iron_axe":4,"minecraft:iron_pickaxe":4,"minecraft:dandelion":1,"minecraft:smooth_basalt":12,"minecraft:gravel":26,"minecraft:cobbled_deepslate":3,"minecraft:tuff":3,"minecraft:rotten_flesh":4,"minecraft:azure_bluet":14,"minecraft:white_bed":1,"minecraft:poppy":1,"minecraft:yellow_bed":1,"minecraft:wooden_pickaxe":3,"minecraft:stone_pickaxe":2},"minecraft:picked_up":{"minecraft:iron_chestplate":1,"minecraft:azure_bluet":14,"minecraft:chicken":7,"minecraft:wooden_pickaxe":2,"minecraft:cornflower":1,"minecraft:raw_copper":64,"minecraft:iron_axe":4,"minecraft:cobbled_deepslate":319,"minecraft:beef":3,"minecraft:poppy":2,"minecraft:iron_pickaxe":5,"minecraft:egg":2,"minecraft:stick":2,"minecraft:raw_iron":53,"minecraft:stone":2,"minecraft:torch":1,"minecraft:porkchop":31,"minecraft:diorite":60,"minecraft:redstone":186,"minecraft:arrow":1,"minecraft:rotten_flesh":7,"minecraft:mutton":17,"minecraft:white_wool":10,"minecraft:cobblestone":316,"minecraft:oxeye_daisy":1,"minecraft:birch_log":34,"minecraft:feather":9,"minecraft:andesite":10,"minecraft:brown_wool":1,"minecraft:leather":3,"minecraft:flint":6,"minecraft:tuff":37,"minecraft:oak_log":71,"minecraft:yellow_bed":1,"minecraft:lapis_lazuli":83,"minecraft:dirt":264,"minecraft:bone":1,"minecraft:wheat_seeds":18,"minecraft:raw_gold":19,"minecraft:stone_pickaxe":2,"minecraft:iron_ingot":11,"minecraft:iron_sword":4,"minecraft:oak_planks":52,"minecraft:sculk_catalyst":1,"minecraft:smooth_basalt":12,"minecraft:birch_boat":1,"minecraft:dandelion":2,"minecraft:gravel":49,"minecraft:white_bed":4,"minecraft:diamond":3,"minecraft:granite":20,"minecraft:oak_sapling":1,"minecraft:coal":140},"minecraft:broken":{"minecraft:iron_shovel":1,"minecraft:stone_pickaxe":3,"minecraft:iron_pickaxe":1},"minecraft:custom":{"minecraft:mob_kills":48,"minecraft:interact_with_crafting_table":18,"minecraft:leave_game":1,"minecraft:time_since_death":2601,"minecraft:sprint_one_cm":618333,"minecraft:walk_one_cm":317692,"minecraft:drop":87,"minecraft:talked_to_villager":17,"minecraft:play_time":140880,"minecraft:deaths":21,"minecraft:sneak_time":1101,"minecraft:walk_under_water_one_cm":15090,"minecraft:boat_one_cm":5175,"minecraft:jump":1575,"minecraft:walk_on_water_one_cm":14088,"minecraft:total_world_time":140880,"minecraft:interact_with_furnace":28,"minecraft:sleep_in_bed":8,"minecraft:time_since_rest":2628,"minecraft:damage_taken":8950,"minecraft:damage_dealt":9285,"minecraft:swim_one_cm":6613,"minecraft:fly_one_cm":106008,"minecraft:player_kills":5,"minecraft:open_chest":40,"minecraft:crouch_one_cm":2067,"minecraft:fall_one_cm":33172},"minecraft:crafted":{"minecraft:oak_planks":234,"minecraft:cooked_chicken":5,"minecraft:furnace":4,"minecraft:iron_axe":1,"minecraft:stone_pickaxe":7,"minecraft:chest":2,"minecraft:cooked_beef":5,"minecraft:red_dye":1,"minecraft:cooked_porkchop":16,"minecraft:crafting_table":3,"minecraft:wooden_pickaxe":1,"minecraft:iron_sword":1,"minecraft:red_bed":1,"minecraft:birch_planks":136,"minecraft:air":0,"minecraft:stick":154,"minecraft:iron_ingot":17,"minecraft:iron_pickaxe":3,"minecraft:iron_shovel":1,"minecraft:white_bed":3,"minecraft:torch":116},"minecraft:killed_by":{"minecraft:player":1,"minecraft:vindicator":3,"minecraft:warden":12,"minecraft:skeleton":3,"minecraft:zombie":1},"minecraft:mined":{"minecraft:tuff":36,"minecraft:white_bed":3,"minecraft:deepslate_diamond_ore":3,"minecraft:granite":15,"minecraft:grass_block":232,"minecraft:redstone_wire":2,"minecraft:oxeye_daisy":2,"minecraft:sculk_catalyst":1,"minecraft:iron_ore":35,"minecraft:cobbled_deepslate":3,"minecraft:andesite":10,"minecraft:deepslate_lapis_ore":8,"minecraft:azure_bluet":3,"minecraft:deepslate_iron_ore":12,"minecraft:stone":271,"minecraft:deepslate_redstone_ore":3,"minecraft:dandelion":1,"minecraft:cornflower":1,"minecraft:poppy":2,"minecraft:cobblestone":14,"minecraft:tall_grass":4,"minecraft:lapis_ore":1,"minecraft:deepslate_gold_ore":11,"minecraft:diorite":53,"minecraft:wall_torch":1,"minecraft:birch_log":34,"minecraft:birch_leaves":1,"minecraft:yellow_bed":1,"minecraft:grass":26,"minecraft:oak_log":71,"minecraft:coal_ore":140,"minecraft:gravel":13,"minecraft:dirt":21,"minecraft:oak_leaves":15,"minecraft:deepslate":215},"minecraft:killed":{"minecraft:vindicator":1,"minecraft:chicken":7,"minecraft:warden":1,"minecraft:pig":18,"minecraft:zombie_villager":1,"minecraft:sheep":11,"minecraft:pillager":5,"minecraft:zombie":2,"minecraft:donkey":1,"minecraft:cow":1},"minecraft:used":{"minecraft:iron_shovel":265,"minecraft:chest":2,"minecraft:iron_sword":219,"minecraft:rotten_flesh":2,"minecraft:cooked_chicken":5,"minecraft:torch":47,"minecraft:dirt":17,"minecraft:granite":3,"minecraft:warden_spawn_egg":1,"minecraft:iron_axe":168,"minecraft:furnace":4,"minecraft:egg":2,"minecraft:cooked_beef":1,"minecraft:cobbled_deepslate":65,"minecraft:stone_pickaxe":485,"minecraft:birch_boat":1,"minecraft:wooden_pickaxe":10,"minecraft:crafting_table":3,"minecraft:red_bed":1,"minecraft:white_bed":5,"minecraft:iron_pickaxe":356,"minecraft:cobblestone":32,"minecraft:cooked_porkchop":9,"minecraft:sculk_catalyst":1}},"DataVersion":3465}