{"stats":{"minecraft:broken":{"minecraft:stone_pickaxe":1,"minecraft:diamond_pickaxe":1,"minecraft:stone_axe":1},"minecraft:crafted":{"minecraft:oak_planks":114,"minecraft:yellow_wool":4,"sophisticatedbackpacks:crafting_upgrade":1,"sophisticatedbackpacks:smelting_upgrade":1,"minecraft:hopper":3,"minecraft:chest":7,"minecraft:copper_block":5,"minecraft:stone_hoe":1,"sophisticatedbackpacks:backpack":1,"minecraft:diamond_axe":1,"minecraft:crafting_table":8,"minecraft:wooden_pickaxe":1,"super_ore_block:super_coal_block":2,"minecraft:red_wool":4,"minecraft:copper_ingot":45,"minecraft:oak_wood":3,"sophisticatedbackpacks:upgrade_base":3,"minecraft:string":33,"minecraft:wooden_hoe":1,"minecraft:diamond_pickaxe":2,"minecraft:yellow_dye":4,"sophisticatedbackpacks:diamond_backpack":1,"minecraft:stick":36,"minecraft:iron_ingot":9,"sophisticatedbackpacks:auto_smelting_upgrade":1,"minecraft:iron_pickaxe":1,"minecraft:iron_block":1,"meds_and_herbs:dressing_plantago":17,"sophisticatedbackpacks:stack_upgrade_tier_1":1,"minecraft:furnace":3,"sophisticatedbackpacks:stack_upgrade_starter_tier":1,"minecraft:bone_meal":15,"minecraft:stone_pickaxe":6,"sophisticatedbackpacks:stack_upgrade_tier_2":1,"minecraft:dark_oak_planks":10,"minecraft:wheat":279,"sophisticatedbackpacks:iron_backpack":1,"minecraft:red_dye":4,"sophisticatedbackpacks:gold_backpack":1,"minecraft:stone_axe":3,"exclusive_weapons_armor_and_tools:super_coal_pickaxe":1,"minecraft:bread":93,"minecraft:air":162,"minecraft:white_bed":1,"minecraft:torch":5},"minecraft:picked_up":{"minecraft:diamond_sword":1,"exclusive_weapons_armor_and_tools:super_coal_pickaxe":1,"minecraft:string":2,"minecraft:raw_copper":205,"thermal:tin_ingot":1,"minecraft:iron_leggings":1,"thermal:sulfur":27,"immersiveengineering:raw_lead":9,"mysticalagriculture:inferium_essence":178,"minecraft:cobbled_deepslate":811,"meds_and_herbs:plantago_leaves":54,"dynamictrees:oak_seed":8,"minecraft:furnace":2,"grimoireofgaia:taproot":2,"minecraft:stick":55,"minecraft:torch":50,"thermal:raw_lead":22,"mysticalagriculture:prosperity_shard":192,"minecraft:porkchop":8,"werewolves:wolfsbane":2,"minecraft:diorite":65,"tombstone:grave_dust":2,"grimoireofgaia:deco_nest_harpy":2,"minecraft:rotten_flesh":2,"minecraft:obsidian":2,"minecraft:cobblestone":1100,"minecraft:feather":2,"minecraft:andesite":71,"minecraft:flint":2,"minecraft:tuff":82,"evilcraft:flesh_humanoid":1,"minecraft:lapis_lazuli":211,"minecraft:dirt":18,"minecraft:lantern":2,"immersiveengineering:hemp_fiber":176,"minecraft:bone":7,"minecraft:wheat_seeds":25,"minecraft:raw_gold":127,"minecraft:oak_planks":10,"thermal:raw_tin":11,"immersiveengineering:raw_uranium":7,"sons_of_sins:flesh_of_demise":1,"butcher:sulfur":9,"minecraft:diamond":87,"minecraft:granite":73,"minecraft:bread":64,"werewolves:cracked_bone":1,"minecraft:bricks":1,"minecraft:diamond_pickaxe":1,"minecraft:charcoal":2,"minecraft:crafting_table":2,"minecraft:azure_bluet":2,"thermal:raw_silver":23,"thermal:cinnabar":5,"minecraft:cornflower":4,"thermal:raw_nickel":30,"minecraft:beef":10,"werewolves:bone_necklace":1,"thermal:niter":73,"minecraft:iron_nugget":1,"minecraft:poppy":5,"minecraft:chest":1,"minecraft:raw_iron":147,"sophisticatedbackpacks:backpack":2,"werewolves:raw_silver":97,"minecraft:redstone":248,"minecraft:dark_oak_planks":3,"minecraft:arrow":2,"k_turrets:raw_titanium":13,"minecraft:hay_block":31,"alexscaves:spelunkery_table":1,"minecraft:gold_ingot":1,"minecraft:white_wool":15,"minecraft:bone_block":18,"minecraft:oxeye_daisy":1,"minecraft:stripped_oak_log":3,"vampirism:item_tent":1,"minecraft:glow_ink_sac":3,"minecraft:leather":17,"minecraft:yellow_dye":1,"alexsmobs:skreecher_soul":1,"minecraft:oak_log":39,"scalinghealth:bandages":1,"minecraft:white_banner":1,"minecraft:iron_ingot":16,"scalinghealth:power_crystal_shard":6,"minecraft:book":9,"scalinghealth:heart_crystal_shard":8,"minecraft:dandelion":14,"minecraft:gravel":146,"minecraft:spruce_sapling":1,"more_bows_and_arrows:obsidian_bow":1,"immersiveengineering:seed":46,"minecraft:stone_axe":1,"evilcraft:dark_gem":37,"tombstone:magic_scroll":1,"immersiveengineering:raw_silver":13,"minecraft:dark_oak_wood":10,"minecraft:coal":252},"minecraft:dropped":{"minecraft:glow_ink_sac":3,"minecraft:diamond":1,"minecraft:lantern":1,"minecraft:flint":1,"minecraft:dirt":3,"minecraft:yellow_dye":1,"minecraft:cornflower":1,"minecraft:bone_meal":2,"werewolves:wolfsbane":2,"minecraft:dark_oak_planks":1,"thermal:raw_tin":1,"minecraft:gravel":24,"minecraft:stone_axe":2,"dynamictrees:oak_seed":7,"minecraft:iron_nugget":1,"minecraft:cobbled_deepslate":4,"alexsmobs:animal_dictionary":1,"minecraft:obsidian":2,"minecraft:oak_planks":5,"guideapi_vp:vampirism-guidebook":1,"minecraft:azure_bluet":2,"evilcraft:flesh_humanoid":4,"minecraft:poppy":1,"werewolves:bone_necklace":1,"vampirism:vampire_fang":1,"mysticalagriculture:inferium_essence":2,"immersiveengineering:seed":2,"exclusive_weapons_armor_and_tools:super_coal_pickaxe":2,"minecraft:iron_ingot":3,"minecraft:stone_hoe":1,"minecraft:bread":24,"minecraft:wheat_seeds":9,"minecraft:cobblestone":3,"minecraft:book":1,"minecraft:stick":14,"minecraft:oxeye_daisy":1,"tombstone:magic_scroll":1,"minecraft:torch":2,"minecraft:wooden_hoe":1,"grimoireofgaia:taproot":2,"tombstone:grave_dust":2,"minecraft:spruce_sapling":1,"minecraft:dandelion":2,"minecraft:raw_copper":12,"minecraft:stripped_oak_log":1,"sophisticatedbackpacks:backpack":2,"butcher:butchersguidebook":1,"minecraft:potato":6,"minecraft:diamond_pickaxe":1,"meds_and_herbs:plantago_leaves":3,"meds_and_herbs:dressing_plantago":7,"minecraft:wooden_pickaxe":1,"immersiveengineering:hemp_fiber":1},"minecraft:used":{"immersiveengineering:seed":18,"minecraft:chest":3,"grimoireofgaia:deco_nest_harpy":2,"minecraft:tuff":14,"vampirism:item_tent":1,"minecraft:bricks":1,"minecraft:lantern":1,"minecraft:furnace":4,"minecraft:stone_pickaxe":430,"minecraft:oak_planks":11,"minecraft:wooden_pickaxe":7,"minecraft:diamond_axe":31,"exclusive_weapons_armor_and_tools:super_coal_pickaxe":99,"alexscaves:cave_book":1,"minecraft:bread":34,"minecraft:diamond_sword":86,"minecraft:chainmail_boots":1,"minecraft:bone_meal":43,"minecraft:experience_bottle":2,"dynamictrees:oak_seed":1,"minecraft:stone_hoe":33,"minecraft:torch":66,"minecraft:dirt":8,"minecraft:dark_oak_planks":19,"evilcraft:flesh_humanoid":1,"tombstone:gift":4,"minecraft:cobbled_deepslate":102,"minecraft:iron_leggings":1,"minecraft:crafting_table":9,"minecraft:white_bed":1,"tombstone:bag_of_seeds":1,"minecraft:wooden_hoe":42,"minecraft:diamond_pickaxe":2806,"minecraft:apple":3,"minecraft:iron_pickaxe":219,"minecraft:stone_axe":120,"minecraft:cobblestone":144,"minecraft:white_banner":1,"alexsmobs:animal_dictionary":1,"minecraft:dandelion":1},"minecraft:killed":{"vampirism:vampire":1,"specialmobs:skeleton":1,"grimoireofgaia:orc":1,"minecraft:silverfish":1,"minecraft:pig":5,"goblins_tyranny:iron_cave_goblin":1,"minecraft:iron_golem":1,"minecraft:sheep":3,"minecraft:pillager":2,"minecraft:zombie":3,"minecraft:donkey":1,"minecraft:cow":5,"minecraft:horse":8,"specialmobs:zombie":1,"grimoireofgaia:cyan_flower":1,"hmag:ghost":1,"specialmobs:silverfish":1,"sons_of_sins:betrayed_guzzler":1},"minecraft:mined":{"minecraft:dark_oak_planks":3,"thermal:cinnabar_ore":4,"thermal:sulfur_ore":3,"minecraft:sculk_vein":3,"thermal:tin_ore":11,"minecraft:granite":74,"minecraft:grass_block":7,"minecraft:oxeye_daisy":1,"mysticalagriculture:inferium_ore":48,"immersiveengineering:deepslate_ore_uranium":7,"minecraft:sculk_catalyst":1,"minecraft:iron_ore":115,"minecraft:cobbled_deepslate":2,"immersiveengineering:deepslate_ore_silver":13,"minecraft:deepslate_lapis_ore":23,"vampirism:tent":1,"minecraft:azure_bluet":3,"scalinghealth:deepslate_power_crystal_ore":6,"minecraft:deepslate_redstone_ore":50,"scalinghealth:deepslate_heart_crystal_ore":8,"thermal:lead_ore":7,"minecraft:torch":37,"minecraft:dark_oak_wood":10,"minecraft:poppy":4,"minecraft:chest":1,"minecraft:cobblestone":10,"thermal:deepslate_lead_ore":15,"minecraft:oak_planks":9,"minecraft:bricks":1,"minecraft:wall_torch":8,"evilcraft:dark_ore_deepslate":3,"immersiveengineering:deepslate_ore_lead":9,"butcher:sulfurore":4,"minecraft:grass":178,"thermal:niter_ore":5,"minecraft:oak_log":12,"minecraft:dirt":12,"thermal:nickel_ore":4,"mysticalagriculture:deepslate_prosperity_ore":28,"mysticalagriculture:deepslate_inferium_ore":8,"werewolves:silver_ore":89,"minecraft:deepslate":808,"mysticalagriculture:prosperity_ore":51,"alexscaves:spelunkery_table":1,"minecraft:diamond_ore":3,"minecraft:tuff":80,"grimoireofgaia:deco_nest_harpy":1,"minecraft:deepslate_diamond_ore":84,"meds_and_herbs:plantago":24,"thermal:deepslate_nickel_ore":26,"minecraft:spruce_leaves":5,"minecraft:hay_block":32,"minecraft:redstone_ore":5,"minecraft:furnace":2,"immersiveengineering:hemp":34,"minecraft:andesite":67,"evilcraft:dark_ore":5,"minecraft:bookshelf":3,"minecraft:deepslate_iron_ore":22,"minecraft:lantern":1,"minecraft:stripped_oak_log":3,"minecraft:stone":1100,"minecraft:bone_block":18,"minecraft:oak_slab":1,"minecraft:dandelion":13,"minecraft:crafting_table":2,"minecraft:cornflower":4,"minecraft:sculk_sensor":16,"minecraft:campfire":1,"minecraft:tall_grass":34,"minecraft:copper_ore":60,"minecraft:deepslate_coal_ore":10,"minecraft:lapis_ore":9,"minecraft:deepslate_gold_ore":107,"minecraft:sculk":43,"minecraft:diorite":66,"k_turrets:deepslate_titanium_ore":12,"thermal:deepslate_silver_ore":23,"k_turrets:titanium_ore":1,"minecraft:coal_ore":235,"werewolves:deepslate_silver_ore":8,"minecraft:gravel":25,"minecraft:cobweb":2,"thermal:deepslate_niter_ore":12,"minecraft:gold_ore":20,"thermal:deepslate_sulfur_ore":3,"minecraft:infested_stone":5},"minecraft:custom":{"minecraft:interact_with_crafting_table":65,"minecraft:open_barrel":4,"minecraft:leave_game":5,"minecraft:time_since_death":1922,"minecraft:sprint_one_cm":401357,"minecraft:drop":82,"minecraft:talked_to_villager":3,"minecraft:play_time":338613,"minecraft:deaths":26,"minecraft:jump":4057,"minecraft:walk_on_water_one_cm":3744,"minecraft:interact_with_furnace":39,"minecraft:interact_with_loom":3,"minecraft:sleep_in_bed":4,"minecraft:damage_dealt":10992,"minecraft:player_kills":1,"minecraft:crouch_one_cm":21275,"tombstone:undead_killed":6,"minecraft:mob_kills":38,"minecraft:damage_dealt_resisted":28,"minecraft:climb_one_cm":2457,"minecraft:walk_one_cm":512901,"minecraft:sneak_time":6682,"minecraft:walk_under_water_one_cm":975,"minecraft:interact_with_blast_furnace":3,"minecraft:total_world_time":338613,"tombstone:raider_killed":2,"minecraft:tune_noteblock":12,"minecraft:time_since_rest":1,"minecraft:damage_taken":10040,"minecraft:fly_one_cm":764745,"minecraft:open_chest":30,"minecraft:fall_one_cm":110016},"minecraft:killed_by":{"hmag:catoblepas":1,"minecraft:pillager":1,"specialmobs:skeleton":1,"grimoireofgaia:cobble_golem":1,"specialmobs:silverfish":1,"grimoireofgaia:bone_knight":1,"minecraft:silverfish":1,"grimoireofgaia:minotaurus":2,"grimoireofgaia:harpy":5,"alexsmobs:rhinoceros":1,"grimoireofgaia:spriggan":2,"minecraft:zombie":1,"grimoireofgaia:ender_eye":1,"minecraft:player":3,"specialmobs:deathcreeper":1,"grimoireofgaia:creep":1}},"DataVersion":3465}