{"stats":{"minecraft:crafted":{"minecraft:yellow_wool":4,"minecraft:oak_planks":114,"sophisticatedbackpacks:stack_upgrade_tier_1":1,"minecraft:furnace":3,"sophisticatedbackpacks:stack_upgrade_starter_tier":1,"minecraft:bone_meal":15,"sophisticatedbackpacks:crafting_upgrade":1,"sophisticatedbackpacks:smelting_upgrade":1,"minecraft:hopper":3,"minecraft:stone_pickaxe":6,"minecraft:chest":7,"sophisticatedbackpacks:stack_upgrade_tier_2":1,"minecraft:copper_block":5,"minecraft:dark_oak_planks":10,"minecraft:stone_hoe":1,"sophisticatedbackpacks:iron_backpack":1,"minecraft:wheat":279,"minecraft:red_dye":4,"sophisticatedbackpacks:backpack":1,"minecraft:diamond_axe":1,"minecraft:crafting_table":8,"minecraft:wooden_pickaxe":1,"super_ore_block:super_coal_block":2,"minecraft:red_wool":4,"minecraft:copper_ingot":45,"sophisticatedbackpacks:gold_backpack":1,"minecraft:oak_wood":3,"minecraft:stone_axe":3,"sophisticatedbackpacks:upgrade_base":3,"exclusive_weapons_armor_and_tools:super_coal_pickaxe":1,"minecraft:bread":93,"minecraft:air":162,"minecraft:wooden_hoe":1,"minecraft:string":33,"minecraft:diamond_pickaxe":2,"minecraft:yellow_dye":4,"sophisticatedbackpacks:diamond_backpack":1,"minecraft:stick":36,"minecraft:iron_ingot":9,"sophisticatedbackpacks:auto_smelting_upgrade":1,"minecraft:iron_pickaxe":1,"minecraft:iron_block":1,"minecraft:white_bed":1,"minecraft:torch":5,"meds_and_herbs:dressing_plantago":17},"minecraft:dropped":{"minecraft:stone_hoe":1,"minecraft:iron_ingot":3,"minecraft:bread":24,"minecraft:wheat_seeds":9,"minecraft:glow_ink_sac":3,"minecraft:diamond":1,"minecraft:cobblestone":2,"minecraft:book":1,"minecraft:lantern":1,"minecraft:stick":14,"minecraft:flint":1,"minecraft:oxeye_daisy":1,"minecraft:dirt":3,"tombstone:magic_scroll":1,"minecraft:wooden_hoe":1,"minecraft:torch":2,"minecraft:yellow_dye":1,"minecraft:cornflower":1,"grimoireofgaia:taproot":2,"tombstone:grave_dust":2,"minecraft:bone_meal":2,"werewolves:wolfsbane":2,"minecraft:dark_oak_planks":1,"minecraft:spruce_sapling":1,"thermal:raw_tin":1,"minecraft:dandelion":2,"minecraft:gravel":24,"minecraft:stone_axe":2,"minecraft:iron_nugget":1,"dynamictrees:oak_seed":7,"alexsmobs:animal_dictionary":1,"minecraft:raw_copper":12,"minecraft:obsidian":2,"minecraft:oak_planks":5,"minecraft:stripped_oak_log":1,"sophisticatedbackpacks:backpack":2,"guideapi_vp:vampirism-guidebook":1,"minecraft:azure_bluet":2,"evilcraft:flesh_humanoid":4,"butcher:butchersguidebook":1,"minecraft:poppy":1,"minecraft:potato":6,"werewolves:bone_necklace":1,"vampirism:vampire_fang":1,"minecraft:diamond_pickaxe":1,"mysticalagriculture:inferium_essence":2,"meds_and_herbs:plantago_leaves":3,"meds_and_herbs:dressing_plantago":7,"minecraft:wooden_pickaxe":1,"immersiveengineering:seed":2,"immersiveengineering:hemp_fiber":1,"exclusive_weapons_armor_and_tools:super_coal_pickaxe":2},"minecraft:killed":{"vampirism:vampire":1,"grimoireofgaia:orc":1,"minecraft:horse":8,"specialmobs:zombie":1,"minecraft:silverfish":1,"hmag:ghost":1,"grimoireofgaia:cyan_flower":1,"minecraft:pig":5,"goblins_tyranny:iron_cave_goblin":1,"minecraft:iron_golem":1,"specialmobs:silverfish":1,"minecraft:sheep":3,"minecraft:pillager":2,"minecraft:donkey":1,"minecraft:zombie":3,"sons_of_sins:betrayed_guzzler":1,"minecraft:cow":5},"minecraft:custom":{"minecraft:mob_kills":37,"minecraft:interact_with_crafting_table":65,"minecraft:open_barrel":3,"minecraft:leave_game":3,"minecraft:time_since_death":28375,"minecraft:climb_one_cm":2457,"minecraft:sprint_one_cm":348184,"minecraft:walk_one_cm":480553,"minecraft:drop":80,"minecraft:talked_to_villager":3,"minecraft:play_time":316982,"minecraft:sneak_time":2476,"minecraft:deaths":22,"minecraft:walk_under_water_one_cm":975,"minecraft:jump":3512,"minecraft:interact_with_blast_furnace":3,"minecraft:walk_on_water_one_cm":2632,"minecraft:total_world_time":316982,"minecraft:interact_with_furnace":39,"tombstone:raider_killed":2,"minecraft:tune_noteblock":12,"minecraft:interact_with_loom":3,"minecraft:sleep_in_bed":4,"minecraft:time_since_rest":28317,"minecraft:damage_taken":8798,"minecraft:damage_dealt":10286,"minecraft:player_kills":1,"minecraft:fly_one_cm":682788,"minecraft:open_chest":30,"minecraft:crouch_one_cm":4160,"tombstone:undead_killed":5,"minecraft:fall_one_cm":94837},"minecraft:picked_up":{"minecraft:charcoal":2,"minecraft:crafting_table":2,"minecraft:azure_bluet":2,"thermal:raw_silver":23,"thermal:cinnabar":5,"minecraft:diamond_sword":1,"exclusive_weapons_armor_and_tools:super_coal_pickaxe":1,"minecraft:cornflower":4,"minecraft:string":2,"thermal:tin_ingot":1,"minecraft:raw_copper":205,"minecraft:iron_leggings":1,"thermal:raw_nickel":20,"thermal:sulfur":27,"immersiveengineering:raw_lead":9,"mysticalagriculture:inferium_essence":178,"minecraft:cobbled_deepslate":805,"minecraft:beef":10,"meds_and_herbs:plantago_leaves":54,"werewolves:bone_necklace":1,"thermal:niter":32,"dynamictrees:oak_seed":8,"minecraft:iron_nugget":1,"minecraft:poppy":5,"minecraft:chest":1,"minecraft:furnace":2,"grimoireofgaia:taproot":2,"minecraft:stick":55,"minecraft:raw_iron":147,"minecraft:torch":50,"thermal:raw_lead":22,"mysticalagriculture:prosperity_shard":172,"sophisticatedbackpacks:backpack":2,"minecraft:porkchop":8,"werewolves:raw_silver":97,"werewolves:wolfsbane":2,"tombstone:grave_dust":2,"minecraft:diorite":65,"minecraft:redstone":248,"grimoireofgaia:deco_nest_harpy":2,"minecraft:dark_oak_planks":3,"minecraft:rotten_flesh":2,"k_turrets:raw_titanium":13,"minecraft:hay_block":31,"alexscaves:spelunkery_table":1,"minecraft:gold_ingot":1,"minecraft:white_wool":15,"minecraft:obsidian":2,"minecraft:bone_block":18,"minecraft:cobblestone":1099,"minecraft:oxeye_daisy":1,"minecraft:stripped_oak_log":3,"minecraft:feather":2,"vampirism:item_tent":1,"minecraft:glow_ink_sac":3,"minecraft:andesite":71,"minecraft:leather":17,"minecraft:yellow_dye":1,"minecraft:flint":2,"minecraft:tuff":78,"minecraft:oak_log":39,"evilcraft:flesh_humanoid":1,"minecraft:lapis_lazuli":211,"minecraft:dirt":18,"minecraft:lantern":2,"minecraft:white_banner":1,"immersiveengineering:hemp_fiber":176,"minecraft:bone":6,"minecraft:wheat_seeds":25,"minecraft:raw_gold":123,"minecraft:iron_ingot":16,"scalinghealth:power_crystal_shard":6,"minecraft:oak_planks":6,"minecraft:book":9,"thermal:raw_tin":11,"scalinghealth:heart_crystal_shard":8,"immersiveengineering:raw_uranium":7,"minecraft:dandelion":14,"minecraft:gravel":146,"minecraft:spruce_sapling":1,"sons_of_sins:flesh_of_demise":1,"more_bows_and_arrows:obsidian_bow":1,"butcher:sulfur":9,"immersiveengineering:seed":46,"minecraft:diamond":87,"minecraft:stone_axe":1,"evilcraft:dark_gem":27,"minecraft:granite":73,"minecraft:bread":64,"tombstone:magic_scroll":1,"minecraft:dark_oak_wood":10,"minecraft:bricks":1,"minecraft:coal":252,"immersiveengineering:raw_silver":12,"minecraft:diamond_pickaxe":1},"minecraft:used":{"immersiveengineering:seed":18,"minecraft:chest":3,"dynamictrees:oak_seed":1,"minecraft:stone_hoe":33,"minecraft:torch":64,"grimoireofgaia:deco_nest_harpy":2,"minecraft:dirt":8,"minecraft:tuff":14,"minecraft:dark_oak_planks":19,"vampirism:item_tent":1,"minecraft:bricks":1,"minecraft:lantern":1,"evilcraft:flesh_humanoid":1,"minecraft:furnace":4,"tombstone:gift":4,"minecraft:cobbled_deepslate":102,"minecraft:iron_leggings":1,"minecraft:oak_planks":4,"minecraft:stone_pickaxe":430,"minecraft:wooden_pickaxe":7,"minecraft:diamond_axe":27,"exclusive_weapons_armor_and_tools:super_coal_pickaxe":99,"minecraft:white_bed":1,"minecraft:crafting_table":9,"tombstone:bag_of_seeds":1,"minecraft:wooden_hoe":42,"minecraft:diamond_pickaxe":2751,"minecraft:apple":3,"minecraft:bread":31,"minecraft:iron_pickaxe":219,"minecraft:stone_axe":120,"minecraft:diamond_sword":78,"minecraft:cobblestone":144,"minecraft:chainmail_boots":1,"minecraft:white_banner":1,"minecraft:dandelion":1,"alexsmobs:animal_dictionary":1,"minecraft:bone_meal":43,"minecraft:experience_bottle":2},"minecraft:broken":{"minecraft:stone_pickaxe":1,"minecraft:diamond_pickaxe":1,"minecraft:stone_axe":1},"minecraft:mined":{"minecraft:dark_oak_planks":3,"mysticalagriculture:prosperity_ore":51,"alexscaves:spelunkery_table":1,"minecraft:diamond_ore":3,"minecraft:tuff":78,"grimoireofgaia:deco_nest_harpy":1,"thermal:cinnabar_ore":4,"minecraft:deepslate_diamond_ore":84,"thermal:sulfur_ore":3,"minecraft:sculk_vein":3,"meds_and_herbs:plantago":24,"thermal:tin_ore":11,"minecraft:granite":74,"minecraft:grass_block":7,"thermal:deepslate_nickel_ore":16,"minecraft:spruce_leaves":5,"minecraft:oxeye_daisy":1,"mysticalagriculture:inferium_ore":48,"immersiveengineering:deepslate_ore_uranium":7,"minecraft:hay_block":32,"minecraft:redstone_ore":5,"minecraft:sculk_catalyst":1,"minecraft:furnace":2,"minecraft:iron_ore":115,"immersiveengineering:hemp":34,"minecraft:cobbled_deepslate":2,"minecraft:andesite":67,"immersiveengineering:deepslate_ore_silver":12,"evilcraft:dark_ore":5,"minecraft:deepslate_lapis_ore":23,"vampirism:tent":1,"minecraft:azure_bluet":3,"minecraft:bookshelf":3,"minecraft:deepslate_iron_ore":22,"scalinghealth:deepslate_power_crystal_ore":6,"minecraft:lantern":1,"minecraft:stripped_oak_log":3,"minecraft:stone":1100,"minecraft:bone_block":18,"minecraft:deepslate_redstone_ore":50,"minecraft:oak_slab":1,"minecraft:dandelion":13,"scalinghealth:deepslate_heart_crystal_ore":8,"thermal:lead_ore":7,"minecraft:crafting_table":2,"minecraft:cornflower":4,"minecraft:torch":37,"minecraft:dark_oak_wood":10,"minecraft:poppy":4,"minecraft:chest":1,"minecraft:copper_ore":60,"minecraft:sculk_sensor":15,"minecraft:campfire":1,"minecraft:tall_grass":34,"minecraft:cobblestone":10,"minecraft:deepslate_coal_ore":10,"thermal:deepslate_lead_ore":15,"minecraft:deepslate_gold_ore":103,"minecraft:lapis_ore":9,"minecraft:oak_planks":5,"minecraft:bricks":1,"minecraft:sculk":32,"minecraft:diorite":66,"minecraft:wall_torch":8,"evilcraft:dark_ore_deepslate":1,"k_turrets:deepslate_titanium_ore":12,"immersiveengineering:deepslate_ore_lead":9,"butcher:sulfurore":4,"thermal:deepslate_silver_ore":23,"thermal:niter_ore":5,"minecraft:grass":178,"k_turrets:titanium_ore":1,"minecraft:coal_ore":235,"minecraft:oak_log":12,"werewolves:deepslate_silver_ore":8,"minecraft:gravel":25,"minecraft:dirt":12,"minecraft:cobweb":2,"thermal:nickel_ore":4,"mysticalagriculture:deepslate_prosperity_ore":20,"thermal:deepslate_niter_ore":2,"minecraft:gold_ore":20,"minecraft:deepslate":806,"werewolves:silver_ore":89,"thermal:deepslate_sulfur_ore":3,"mysticalagriculture:deepslate_inferium_ore":8,"minecraft:infested_stone":5},"minecraft:killed_by":{"minecraft:player":3,"hmag:catoblepas":1,"minecraft:pillager":1,"specialmobs:skeleton":1,"grimoireofgaia:cobble_golem":1,"specialmobs:silverfish":1,"minecraft:silverfish":1,"grimoireofgaia:minotaurus":2,"grimoireofgaia:harpy":5,"alexsmobs:rhinoceros":1,"grimoireofgaia:spriggan":2,"minecraft:zombie":1}},"DataVersion":3465}