{"stats":{"minecraft:crafted":{"minecraft:oak_planks":112,"minecraft:yellow_wool":4,"sophisticatedbackpacks:stack_upgrade_tier_1":1,"minecraft:furnace":3,"sophisticatedbackpacks:stack_upgrade_starter_tier":1,"minecraft:bone_meal":15,"sophisticatedbackpacks:crafting_upgrade":1,"sophisticatedbackpacks:smelting_upgrade":1,"minecraft:hopper":3,"minecraft:stone_pickaxe":6,"minecraft:chest":7,"sophisticatedbackpacks:stack_upgrade_tier_2":1,"minecraft:copper_block":5,"minecraft:dark_oak_planks":10,"minecraft:stone_hoe":1,"sophisticatedbackpacks:iron_backpack":1,"minecraft:wheat":279,"minecraft:red_dye":4,"sophisticatedbackpacks:backpack":1,"minecraft:diamond_axe":1,"minecraft:crafting_table":8,"minecraft:wooden_pickaxe":1,"super_ore_block:super_coal_block":2,"minecraft:red_wool":4,"minecraft:copper_ingot":45,"sophisticatedbackpacks:gold_backpack":1,"minecraft:oak_wood":3,"minecraft:stone_axe":3,"sophisticatedbackpacks:upgrade_base":3,"exclusive_weapons_armor_and_tools:super_coal_pickaxe":1,"minecraft:bread":93,"minecraft:air":154,"minecraft:string":33,"minecraft:wooden_hoe":1,"minecraft:diamond_pickaxe":2,"minecraft:yellow_dye":4,"sophisticatedbackpacks:diamond_backpack":1,"minecraft:stick":36,"sophisticatedbackpacks:auto_smelting_upgrade":1,"minecraft:iron_ingot":9,"minecraft:iron_pickaxe":1,"minecraft:iron_block":1,"minecraft:white_bed":1,"minecraft:torch":5,"meds_and_herbs:dressing_plantago":17},"minecraft:dropped":{"minecraft:stone_hoe":1,"minecraft:iron_ingot":3,"minecraft:bread":24,"minecraft:wheat_seeds":9,"minecraft:diamond":1,"minecraft:cobblestone":2,"minecraft:book":1,"minecraft:lantern":1,"minecraft:stick":14,"minecraft:flint":1,"minecraft:oxeye_daisy":1,"minecraft:dirt":3,"minecraft:torch":2,"tombstone:magic_scroll":1,"minecraft:wooden_hoe":1,"minecraft:yellow_dye":1,"minecraft:cornflower":1,"grimoireofgaia:taproot":2,"tombstone:grave_dust":2,"minecraft:bone_meal":2,"werewolves:wolfsbane":2,"minecraft:dark_oak_planks":1,"thermal:raw_tin":1,"minecraft:spruce_sapling":1,"minecraft:dandelion":2,"minecraft:gravel":24,"minecraft:stone_axe":2,"dynamictrees:oak_seed":7,"minecraft:iron_nugget":1,"alexsmobs:animal_dictionary":1,"minecraft:raw_copper":12,"minecraft:obsidian":2,"minecraft:oak_planks":4,"sophisticatedbackpacks:backpack":2,"guideapi_vp:vampirism-guidebook":1,"minecraft:azure_bluet":2,"evilcraft:flesh_humanoid":4,"butcher:butchersguidebook":1,"minecraft:poppy":1,"minecraft:potato":6,"werewolves:bone_necklace":1,"vampirism:vampire_fang":1,"minecraft:diamond_pickaxe":1,"mysticalagriculture:inferium_essence":2,"meds_and_herbs:plantago_leaves":3,"meds_and_herbs:dressing_plantago":7,"minecraft:wooden_pickaxe":1,"immersiveengineering:seed":2,"immersiveengineering:hemp_fiber":1,"exclusive_weapons_armor_and_tools:super_coal_pickaxe":2},"minecraft:killed":{"vampirism:vampire":1,"grimoireofgaia:orc":1,"minecraft:horse":8,"minecraft:silverfish":1,"hmag:ghost":1,"grimoireofgaia:cyan_flower":1,"minecraft:pig":5,"minecraft:iron_golem":1,"specialmobs:silverfish":1,"minecraft:sheep":3,"minecraft:pillager":2,"minecraft:donkey":1,"minecraft:zombie":3,"minecraft:cow":5},"minecraft:custom":{"minecraft:mob_kills":34,"minecraft:interact_with_crafting_table":65,"minecraft:leave_game":2,"minecraft:time_since_death":5207,"minecraft:climb_one_cm":2457,"minecraft:sprint_one_cm":322696,"minecraft:walk_one_cm":444214,"minecraft:drop":77,"minecraft:talked_to_villager":3,"minecraft:play_time":293814,"minecraft:deaths":22,"minecraft:sneak_time":2211,"minecraft:walk_under_water_one_cm":402,"minecraft:jump":3177,"minecraft:interact_with_blast_furnace":3,"minecraft:walk_on_water_one_cm":2574,"minecraft:total_world_time":293814,"minecraft:interact_with_furnace":39,"tombstone:raider_killed":2,"minecraft:tune_noteblock":12,"minecraft:sleep_in_bed":4,"minecraft:time_since_rest":5149,"minecraft:damage_taken":8550,"minecraft:damage_dealt":9451,"minecraft:player_kills":1,"minecraft:fly_one_cm":641024,"minecraft:open_chest":30,"minecraft:crouch_one_cm":3833,"tombstone:undead_killed":4,"minecraft:fall_one_cm":85200},"minecraft:picked_up":{"minecraft:charcoal":2,"minecraft:crafting_table":2,"minecraft:azure_bluet":2,"thermal:raw_silver":6,"thermal:cinnabar":5,"minecraft:diamond_sword":1,"exclusive_weapons_armor_and_tools:super_coal_pickaxe":1,"minecraft:cornflower":4,"thermal:tin_ingot":1,"minecraft:raw_copper":205,"thermal:raw_nickel":18,"minecraft:iron_leggings":1,"thermal:sulfur":10,"immersiveengineering:raw_lead":9,"mysticalagriculture:inferium_essence":172,"minecraft:cobbled_deepslate":800,"minecraft:beef":10,"meds_and_herbs:plantago_leaves":54,"werewolves:bone_necklace":1,"thermal:niter":32,"dynamictrees:oak_seed":8,"minecraft:iron_nugget":1,"minecraft:poppy":5,"minecraft:chest":1,"minecraft:furnace":2,"grimoireofgaia:taproot":2,"minecraft:stick":55,"minecraft:raw_iron":145,"minecraft:torch":49,"thermal:raw_lead":18,"mysticalagriculture:prosperity_shard":163,"sophisticatedbackpacks:backpack":2,"minecraft:porkchop":8,"werewolves:raw_silver":91,"werewolves:wolfsbane":2,"tombstone:grave_dust":2,"minecraft:diorite":65,"minecraft:redstone":222,"grimoireofgaia:deco_nest_harpy":2,"minecraft:dark_oak_planks":3,"k_turrets:raw_titanium":13,"minecraft:hay_block":31,"minecraft:gold_ingot":1,"minecraft:obsidian":2,"minecraft:bone_block":18,"minecraft:white_wool":15,"minecraft:cobblestone":1097,"minecraft:oxeye_daisy":1,"minecraft:feather":2,"vampirism:item_tent":1,"minecraft:andesite":71,"minecraft:leather":17,"minecraft:yellow_dye":1,"minecraft:flint":2,"minecraft:tuff":78,"minecraft:oak_log":27,"evilcraft:flesh_humanoid":1,"minecraft:lapis_lazuli":202,"minecraft:dirt":18,"minecraft:lantern":2,"minecraft:white_banner":1,"immersiveengineering:hemp_fiber":176,"minecraft:bone":6,"scalinghealth:power_crystal_shard":6,"minecraft:wheat_seeds":25,"minecraft:raw_gold":112,"minecraft:iron_ingot":16,"minecraft:oak_planks":1,"thermal:raw_tin":8,"scalinghealth:heart_crystal_shard":8,"immersiveengineering:raw_uranium":7,"minecraft:dandelion":14,"minecraft:gravel":146,"minecraft:spruce_sapling":1,"butcher:sulfur":9,"minecraft:diamond":86,"immersiveengineering:seed":46,"minecraft:stone_axe":1,"evilcraft:dark_gem":23,"minecraft:granite":73,"minecraft:bread":64,"tombstone:magic_scroll":1,"minecraft:dark_oak_wood":10,"minecraft:bricks":1,"minecraft:coal":252,"minecraft:diamond_pickaxe":1},"minecraft:used":{"immersiveengineering:seed":18,"minecraft:chest":3,"dynamictrees:oak_seed":1,"minecraft:stone_hoe":33,"minecraft:torch":60,"grimoireofgaia:deco_nest_harpy":2,"minecraft:dirt":8,"minecraft:tuff":14,"minecraft:dark_oak_planks":19,"vampirism:item_tent":1,"minecraft:bricks":1,"minecraft:lantern":1,"evilcraft:flesh_humanoid":1,"minecraft:furnace":4,"tombstone:gift":4,"minecraft:cobbled_deepslate":90,"minecraft:iron_leggings":1,"minecraft:stone_pickaxe":430,"minecraft:oak_planks":4,"minecraft:wooden_pickaxe":7,"minecraft:diamond_axe":2,"exclusive_weapons_armor_and_tools:super_coal_pickaxe":99,"minecraft:crafting_table":9,"minecraft:white_bed":1,"tombstone:bag_of_seeds":1,"minecraft:wooden_hoe":42,"minecraft:diamond_pickaxe":2638,"minecraft:apple":3,"minecraft:bread":26,"minecraft:iron_pickaxe":219,"minecraft:stone_axe":120,"minecraft:diamond_sword":58,"minecraft:cobblestone":133,"minecraft:chainmail_boots":1,"minecraft:white_banner":1,"alexsmobs:animal_dictionary":1,"minecraft:dandelion":1,"minecraft:bone_meal":43,"minecraft:experience_bottle":2},"minecraft:broken":{"minecraft:stone_pickaxe":1,"minecraft:diamond_pickaxe":1,"minecraft:stone_axe":1},"minecraft:mined":{"minecraft:dark_oak_planks":3,"mysticalagriculture:prosperity_ore":51,"minecraft:diamond_ore":3,"minecraft:tuff":78,"grimoireofgaia:deco_nest_harpy":1,"thermal:cinnabar_ore":4,"minecraft:deepslate_diamond_ore":83,"thermal:sulfur_ore":1,"meds_and_herbs:plantago":24,"thermal:tin_ore":8,"minecraft:granite":74,"minecraft:grass_block":7,"thermal:deepslate_nickel_ore":14,"minecraft:spruce_leaves":5,"minecraft:oxeye_daisy":1,"mysticalagriculture:inferium_ore":48,"immersiveengineering:deepslate_ore_uranium":7,"minecraft:hay_block":32,"minecraft:furnace":2,"minecraft:cobbled_deepslate":2,"minecraft:iron_ore":115,"immersiveengineering:hemp":34,"minecraft:andesite":67,"evilcraft:dark_ore":5,"minecraft:deepslate_lapis_ore":22,"vampirism:tent":1,"minecraft:azure_bluet":3,"minecraft:deepslate_iron_ore":22,"scalinghealth:deepslate_power_crystal_ore":6,"minecraft:lantern":1,"minecraft:stone":1098,"minecraft:bone_block":18,"minecraft:deepslate_redstone_ore":49,"minecraft:dandelion":13,"scalinghealth:deepslate_heart_crystal_ore":8,"thermal:lead_ore":4,"minecraft:crafting_table":2,"minecraft:cornflower":4,"minecraft:torch":37,"minecraft:dark_oak_wood":10,"minecraft:poppy":4,"minecraft:chest":1,"minecraft:campfire":1,"minecraft:copper_ore":60,"minecraft:tall_grass":34,"minecraft:cobblestone":10,"minecraft:deepslate_coal_ore":10,"thermal:deepslate_lead_ore":14,"minecraft:deepslate_gold_ore":92,"minecraft:lapis_ore":9,"minecraft:bricks":1,"minecraft:sculk":11,"minecraft:diorite":66,"minecraft:wall_torch":8,"k_turrets:deepslate_titanium_ore":12,"immersiveengineering:deepslate_ore_lead":9,"butcher:sulfurore":4,"thermal:deepslate_silver_ore":6,"k_turrets:titanium_ore":1,"thermal:niter_ore":5,"minecraft:grass":178,"minecraft:coal_ore":235,"werewolves:deepslate_silver_ore":5,"minecraft:gravel":25,"minecraft:dirt":12,"thermal:nickel_ore":4,"mysticalagriculture:deepslate_prosperity_ore":16,"thermal:deepslate_niter_ore":2,"thermal:deepslate_sulfur_ore":1,"minecraft:gold_ore":20,"minecraft:deepslate":801,"mysticalagriculture:deepslate_inferium_ore":6,"werewolves:silver_ore":86,"minecraft:infested_stone":5},"minecraft:killed_by":{"minecraft:player":3,"hmag:catoblepas":1,"minecraft:pillager":1,"specialmobs:skeleton":1,"grimoireofgaia:cobble_golem":1,"specialmobs:silverfish":1,"minecraft:silverfish":1,"grimoireofgaia:minotaurus":2,"alexsmobs:rhinoceros":1,"grimoireofgaia:harpy":5,"grimoireofgaia:spriggan":2,"minecraft:zombie":1}},"DataVersion":3465}