{"stats":{"minecraft:dropped":{"minecraft:bread":10,"minecraft:birch_planks":3,"minecraft:wheat_seeds":7,"minecraft:lapis_lazuli":82,"minecraft:oak_log":2,"minecraft:iron_helmet":1,"minecraft:cobblestone":2,"minecraft:granite":16,"minecraft:copper_ingot":30,"minecraft:coal":19,"minecraft:blue_dye":1,"minecraft:diorite":23,"minecraft:wooden_hoe":1,"minecraft:yellow_dye":4,"minecraft:cornflower":1,"minecraft:wooden_axe":4,"minecraft:wooden_sword":1,"minecraft:iron_pickaxe":1,"minecraft:string":1,"minecraft:birch_log":22,"minecraft:dandelion":4,"minecraft:redstone":58,"minecraft:smooth_basalt":13,"minecraft:gravel":38,"minecraft:cobbled_deepslate":159,"minecraft:raw_copper":128,"minecraft:birch_sapling":8,"minecraft:tuff":12,"minecraft:wheat":1,"minecraft:raw_iron":19,"minecraft:rotten_flesh":1,"minecraft:clay_ball":16,"minecraft:cooked_mutton":4,"minecraft:azure_bluet":1,"minecraft:lily_of_the_valley":7,"minecraft:stone":6,"minecraft:iron_chestplate":1,"minecraft:andesite":1,"minecraft:chest":1,"minecraft:light_gray_dye":1,"minecraft:stone_pickaxe":2,"minecraft:wooden_pickaxe":6},"minecraft:picked_up":{"minecraft:wooden_axe":3,"minecraft:iron_chestplate":1,"minecraft:crafting_table":1,"minecraft:wheat":34,"minecraft:azure_bluet":40,"minecraft:clay_ball":24,"minecraft:wooden_pickaxe":4,"minecraft:red_bed":2,"minecraft:cooked_salmon":2,"minecraft:string":1,"minecraft:cornflower":4,"minecraft:oak_trapdoor":3,"minecraft:raw_copper":273,"minecraft:wooden_sword":2,"minecraft:cobbled_deepslate":198,"minecraft:beef":31,"minecraft:wooden_shovel":1,"minecraft:poppy":2,"minecraft:iron_pickaxe":2,"minecraft:chest":5,"minecraft:sugar_cane":42,"minecraft:birch_sapling":9,"minecraft:egg":1,"minecraft:iron_boots":1,"minecraft:furnace":3,"minecraft:stick":95,"minecraft:raw_iron":44,"minecraft:stone":6,"minecraft:copper_ingot":30,"minecraft:torch":16,"minecraft:porkchop":19,"minecraft:diorite":24,"minecraft:redstone":213,"minecraft:light_gray_bed":2,"minecraft:rotten_flesh":17,"minecraft:blue_dye":1,"minecraft:mutton":15,"minecraft:white_wool":9,"minecraft:cobblestone":859,"minecraft:oxeye_daisy":1,"minecraft:birch_log":92,"minecraft:andesite":15,"minecraft:salmon":24,"minecraft:black_bed":3,"minecraft:brown_wool":2,"minecraft:leather":14,"minecraft:yellow_dye":4,"minecraft:flint":2,"minecraft:birch_planks":32,"minecraft:tuff":30,"minecraft:light_gray_dye":1,"minecraft:oak_log":328,"minecraft:yellow_bed":2,"minecraft:dirt":1512,"minecraft:lapis_lazuli":127,"minecraft:blue_bed":1,"minecraft:white_banner":2,"minecraft:apple":2,"minecraft:wheat_seeds":182,"minecraft:raw_gold":11,"minecraft:stone_pickaxe":3,"minecraft:fletching_table":5,"minecraft:oak_planks":65,"minecraft:iron_sword":1,"minecraft:oak_slab":1,"minecraft:sculk_catalyst":1,"minecraft:smooth_basalt":17,"minecraft:cooked_porkchop":3,"minecraft:birch_boat":6,"minecraft:dandelion":27,"minecraft:gravel":53,"minecraft:sand":35,"minecraft:ink_sac":1,"minecraft:white_bed":5,"minecraft:lily_of_the_valley":7,"minecraft:diamond":3,"minecraft:stone_axe":1,"minecraft:iron_helmet":2,"minecraft:granite":35,"minecraft:bone_meal":2,"minecraft:gray_wool":2,"minecraft:emerald":2,"minecraft:black_wool":2,"minecraft:oak_sapling":53,"minecraft:coal":41},"minecraft:broken":{"minecraft:stone_sword":1,"minecraft:stone_hoe":1,"minecraft:stone_pickaxe":4,"minecraft:stone_axe":2,"minecraft:stone_shovel":1},"minecraft:custom":{"minecraft:mob_kills":69,"minecraft:interact_with_crafting_table":62,"minecraft:interact_with_campfire":2,"minecraft:leave_game":1,"minecraft:time_since_death":66360,"minecraft:sprint_one_cm":769044,"minecraft:walk_one_cm":636408,"minecraft:drop":96,"minecraft:talked_to_villager":18,"minecraft:play_time":267633,"minecraft:deaths":18,"minecraft:sneak_time":11911,"minecraft:walk_under_water_one_cm":45456,"minecraft:boat_one_cm":41704,"minecraft:jump":5222,"minecraft:walk_on_water_one_cm":66847,"minecraft:total_world_time":267633,"minecraft:interact_with_furnace":87,"minecraft:traded_with_villager":9,"minecraft:sleep_in_bed":16,"minecraft:time_since_rest":15042,"minecraft:damage_taken":7078,"minecraft:damage_dealt":13175,"minecraft:swim_one_cm":141178,"minecraft:fly_one_cm":813101,"minecraft:player_kills":9,"minecraft:open_chest":45,"minecraft:crouch_one_cm":48963,"minecraft:fall_one_cm":118173},"minecraft:crafted":{"minecraft:black_dye":1,"minecraft:yellow_wool":2,"minecraft:oak_planks":692,"minecraft:stone_shovel":1,"minecraft:birch_boat":7,"minecraft:furnace":3,"minecraft:yellow_bed":2,"minecraft:raw_copper_block":4,"minecraft:cooked_mutton":18,"minecraft:flint_and_steel":1,"minecraft:oak_trapdoor":2,"minecraft:iron_hoe":1,"minecraft:stone_pickaxe":7,"minecraft:chest":5,"minecraft:stone_hoe":1,"minecraft:cooked_beef":13,"minecraft:red_dye":2,"minecraft:oak_slab":6,"minecraft:emerald":9,"minecraft:cooked_porkchop":18,"minecraft:crafting_table":6,"minecraft:wooden_pickaxe":5,"minecraft:blue_bed":1,"minecraft:cooked_salmon":19,"minecraft:copper_ingot":4,"minecraft:fletching_table":1,"minecraft:bucket":2,"minecraft:birch_planks":52,"minecraft:campfire":2,"minecraft:stone_axe":3,"minecraft:bread":10,"minecraft:air":0,"minecraft:light_gray_bed":1,"minecraft:blue_dye":3,"minecraft:diamond_pickaxe":1,"minecraft:iron_chestplate":1,"minecraft:wooden_hoe":1,"minecraft:yellow_dye":22,"minecraft:stick":328,"minecraft:iron_ingot":26,"minecraft:iron_pickaxe":1,"minecraft:wooden_axe":2,"minecraft:stone_sword":4,"minecraft:iron_shovel":1,"minecraft:black_bed":1,"minecraft:light_gray_dye":33,"minecraft:white_bed":2,"minecraft:andesite":2,"minecraft:torch":30},"minecraft:killed_by":{"minecraft:player":1,"minecraft:creeper":2,"minecraft:vindicator":7,"minecraft:warden":3,"minecraft:skeleton":3,"minecraft:zombie":1},"minecraft:mined":{"minecraft:tuff":19,"minecraft:white_bed":5,"minecraft:glow_lichen":2,"minecraft:granite":15,"minecraft:grass_block":205,"minecraft:light_gray_bed":2,"minecraft:oxeye_daisy":2,"minecraft:large_fern":2,"minecraft:tall_seagrass":3,"minecraft:oak_trapdoor":1,"minecraft:furnace":3,"minecraft:fire":1,"minecraft:cobbled_deepslate":1,"minecraft:iron_ore":24,"minecraft:andesite":17,"minecraft:fletching_table":5,"minecraft:deepslate_lapis_ore":5,"minecraft:azure_bluet":7,"minecraft:deepslate_iron_ore":5,"minecraft:stone":462,"minecraft:tripwire":1,"minecraft:oak_slab":1,"minecraft:red_bed":2,"minecraft:lily_of_the_valley":5,"minecraft:dandelion":7,"minecraft:clay":5,"minecraft:crafting_table":1,"minecraft:cornflower":4,"minecraft:torch":3,"minecraft:poppy":2,"minecraft:chest":7,"minecraft:cobblestone":24,"minecraft:copper_ore":18,"minecraft:tall_grass":56,"minecraft:lapis_ore":2,"minecraft:deepslate_gold_ore":4,"minecraft:oak_planks":5,"minecraft:sugar_cane":13,"minecraft:diorite":1,"minecraft:wall_torch":2,"minecraft:blue_bed":1,"minecraft:seagrass":2,"minecraft:birch_planks":2,"minecraft:birch_log":47,"minecraft:wheat":43,"minecraft:birch_leaves":8,"minecraft:black_bed":4,"minecraft:yellow_bed":2,"minecraft:grass":329,"minecraft:oak_log":178,"minecraft:coal_ore":26,"minecraft:sand":35,"minecraft:gravel":14,"minecraft:dirt":212,"minecraft:smooth_basalt":4,"minecraft:oak_leaves":109,"minecraft:deepslate":45},"minecraft:killed":{"minecraft:vindicator":2,"minecraft:drowned":3,"minecraft:warden":1,"minecraft:pig":7,"minecraft:salmon":24,"minecraft:squid":1,"minecraft:sheep":10,"minecraft:pillager":3,"minecraft:zombie":10,"minecraft:cow":8},"minecraft:used":{"minecraft:oak_trapdoor":3,"minecraft:stone_sword":269,"minecraft:iron_shovel":214,"minecraft:flint_and_steel":1,"minecraft:stone_shovel":131,"minecraft:chest":9,"minecraft:iron_sword":9,"minecraft:stone_hoe":137,"minecraft:cooked_salmon":19,"minecraft:rotten_flesh":7,"minecraft:torch":29,"minecraft:dirt":1425,"minecraft:azure_bluet":4,"minecraft:iron_hoe":101,"minecraft:wooden_axe":42,"minecraft:furnace":4,"minecraft:oak_sapling":1,"minecraft:egg":1,"minecraft:cobbled_deepslate":3,"minecraft:light_gray_bed":3,"minecraft:wheat_seeds":220,"minecraft:cooked_mutton":4,"minecraft:water_bucket":38,"minecraft:birch_planks":10,"minecraft:stone_pickaxe":628,"minecraft:oak_planks":9,"minecraft:birch_boat":8,"minecraft:wooden_pickaxe":23,"minecraft:fletching_table":6,"minecraft:sugar_cane":12,"minecraft:blue_bed":1,"minecraft:sand":10,"minecraft:oak_slab":2,"minecraft:red_bed":2,"minecraft:crafting_table":7,"minecraft:campfire":2,"minecraft:white_bed":3,"minecraft:black_bed":4,"minecraft:oak_log":5,"minecraft:wooden_hoe":2,"minecraft:apple":2,"minecraft:chicken":1,"minecraft:iron_pickaxe":57,"minecraft:gravel":1,"minecraft:stone_axe":283,"minecraft:cobblestone":112,"minecraft:white_banner":2,"minecraft:cooked_porkchop":11,"minecraft:bucket":38,"minecraft:andesite":9,"minecraft:yellow_bed":3,"minecraft:sculk_catalyst":1,"minecraft:gray_wool":1,"minecraft:bone_meal":2}},"DataVersion":3465}