{"stats":{"minecraft:picked_up":{"farmersdelight:rice":1},"minecraft:dropped":{"tombstone:grave_key":1,"farmersdelight:rice":1},"minecraft:killed_by":{"spore:umarmed":1},"minecraft:mined":{"spore:fungal_stem":1,"spore:wall_growths":1,"farmersdelight:wild_rice":1},"minecraft:custom":{"minecraft:time_since_rest":1,"minecraft:walk_one_cm":10647,"minecraft:play_time":5456,"minecraft:sprint_one_cm":31222,"minecraft:damage_taken":590,"minecraft:deaths":2,"minecraft:sneak_time":39,"minecraft:walk_under_water_one_cm":1922,"minecraft:drop":2,"minecraft:jump":82,"minecraft:damage_dealt":8,"minecraft:time_since_death":802,"minecraft:walk_on_water_one_cm":4370,"minecraft:total_world_time":5456,"minecraft:interact_with_smoker":1,"minecraft:swim_one_cm":68162,"minecraft:fall_one_cm":3008,"minecraft:fly_one_cm":56833},"minecraft:used":{"tombstone:gift":2}},"DataVersion":3120}